r,t,y,AnnualizedInvestmentCost
RE1,PHL_AGR_HEAT_BIOM,2020,0.20265373280037124
RE1,PHL_AGR_HEAT_BIOM,2021,0.20265373280037124
RE1,PHL_AGR_HEAT_BIOM,2022,0.20265373280037124
RE1,PHL_AGR_HEAT_BIOM,2023,0.20265373280037124
RE1,PHL_AGR_HEAT_BIOM,2024,0.20265373280037124
RE1,PHL_AGR_HEAT_BIOM,2025,0.20265373280037124
RE1,PHL_AGR_HEAT_BIOM,2026,0.20265373280037124
RE1,PHL_AGR_HEAT_BIOM,2027,0.20265373280037124
RE1,PHL_AGR_HEAT_BIOM,2028,0.20265373280037124
RE1,PHL_AGR_HEAT_BIOM,2029,0.20265373280037124
RE1,PHL_AGR_HEAT_BIOM,2030,0.20265373280037124
RE1,PHL_AGR_HEAT_BIOM,2031,0.20265373280037124
RE1,PHL_AGR_HEAT_BIOM,2032,0.20265373280037124
RE1,PHL_AGR_HEAT_BIOM,2033,0.20265373280037124
RE1,PHL_AGR_HEAT_BIOM,2034,0.20265373280037124
RE1,PHL_AGR_HEAT_BIOM,2035,0.20265373280037124
RE1,PHL_AGR_HEAT_BIOM,2036,0.20265373280037124
RE1,PHL_AGR_HEAT_BIOM,2037,0.20265373280037124
RE1,PHL_AGR_HEAT_BIOM,2038,0.20265373280037124
RE1,PHL_AGR_HEAT_BIOM,2039,0.20265373280037124
RE1,PHL_AGR_HEAT_BIOM,2040,0.20265373280037124
RE1,PHL_AGR_HEAT_BIOM,2041,0.20265373280037124
RE1,PHL_AGR_HEAT_BIOM,2042,0.20265373280037124
RE1,PHL_AGR_HEAT_BIOM,2043,0.20265373280037124
RE1,PHL_AGR_HEAT_BIOM,2044,0.20265373280037124
RE1,PHL_AGR_HEAT_NG,2020,3.183717847539063
RE1,PHL_AGR_HEAT_NG,2021,3.3150271951808374
RE1,PHL_AGR_HEAT_NG,2022,3.4060152749459927
RE1,PHL_AGR_HEAT_NG,2023,3.4976385481383976
RE1,PHL_AGR_HEAT_NG,2024,3.5898294409891967
RE1,PHL_AGR_HEAT_NG,2025,3.68254065186019
RE1,PHL_AGR_HEAT_NG,2026,3.783076905164756
RE1,PHL_AGR_HEAT_NG,2027,3.8840591453437736
RE1,PHL_AGR_HEAT_NG,2028,3.98544682813593
RE1,PHL_AGR_HEAT_NG,2029,4.087199409279911
RE1,PHL_AGR_HEAT_NG,2030,4.192236075590314
RE1,PHL_AGR_HEAT_NG,2031,4.31075370878757
RE1,PHL_AGR_HEAT_NG,2032,4.429271341984826
RE1,PHL_AGR_HEAT_NG,2033,4.547788975182082
RE1,PHL_AGR_HEAT_NG,2034,4.6663066083793385
RE1,PHL_AGR_HEAT_NG,2035,4.784824241576595
RE1,PHL_AGR_HEAT_NG,2036,4.924681670978704
RE1,PHL_AGR_HEAT_NG,2037,5.064539100380815
RE1,PHL_AGR_HEAT_NG,2038,5.204396529782925
RE1,PHL_AGR_HEAT_NG,2039,5.344253959185035
RE1,PHL_AGR_HEAT_NG,2040,5.440864176519043
RE1,PHL_AGR_HEAT_NG,2041,5.440864176519043
RE1,PHL_AGR_HEAT_NG,2042,5.440864176519043
RE1,PHL_AGR_HEAT_NG,2043,5.440864176519043
RE1,PHL_AGR_HEAT_NG,2044,5.440864176519043
RE1,PHL_AGR_HEAT_NG,2045,4.065805554059972
RE1,PHL_AGR_HEAT_NG,2046,3.934496206418198
RE1,PHL_AGR_HEAT_NG,2047,3.8435081266530426
RE1,PHL_AGR_HEAT_NG,2048,3.7518848534606373
RE1,PHL_AGR_HEAT_NG,2049,3.659693960609838
RE1,PHL_AGR_HEAT_NG,2050,7.893116248318133
RE1,PHL_AGR_HEAT_NG,2051,8.092938640203421
RE1,PHL_AGR_HEAT_NG,2052,8.292315045214256
RE1,PHL_AGR_HEAT_NG,2053,8.491286007611953
RE1,PHL_AGR_HEAT_OIL,2020,0.7376893198516481
RE1,PHL_AGR_HEAT_OIL,2021,0.7376893198516481
RE1,PHL_AGR_HEAT_OIL,2022,0.7376893198516481
RE1,PHL_AGR_HEAT_OIL,2023,0.7376893198516481
RE1,PHL_AGR_HEAT_OIL,2024,0.7376893198516481
RE1,PHL_AGR_HEAT_OIL,2025,0.7376893198516481
RE1,PHL_AGR_HEAT_OIL,2026,0.7376893198516481
RE1,PHL_AGR_HEAT_OIL,2027,0.7376893198516481
RE1,PHL_AGR_HEAT_OIL,2028,0.7376893198516481
RE1,PHL_AGR_HEAT_OIL,2029,0.7376893198516481
RE1,PHL_AGR_HEAT_OIL,2030,0.7376893198516481
RE1,PHL_AGR_HEAT_OIL,2031,0.7376893198516481
RE1,PHL_AGR_HEAT_OIL,2032,0.7376893198516481
RE1,PHL_AGR_HEAT_OIL,2033,0.7376893198516481
RE1,PHL_AGR_HEAT_OIL,2034,0.7376893198516481
RE1,PHL_AGR_HEAT_OIL,2035,0.7376893198516481
RE1,PHL_AGR_HEAT_OIL,2036,0.7376893198516481
RE1,PHL_AGR_HEAT_OIL,2037,0.7376893198516481
RE1,PHL_AGR_HEAT_OIL,2038,0.7376893198516481
RE1,PHL_AGR_HEAT_OIL,2039,0.7376893198516481
RE1,PHL_AGR_HEAT_OIL,2040,0.7376893198516481
RE1,PHL_AGR_HEAT_OIL,2041,0.7376893198516481
RE1,PHL_AGR_HEAT_OIL,2042,0.7376893198516481
RE1,PHL_AGR_HEAT_OIL,2043,0.7376893198516481
RE1,PHL_AGR_HEAT_OIL,2044,0.7376893198516481
RE1,PHL_AGR_MOT_LIQ,2020,1309.3851865058925
RE1,PHL_AGR_MOT_LIQ,2021,1343.3332266362024
RE1,PHL_AGR_MOT_LIQ,2022,1377.281266766512
RE1,PHL_AGR_MOT_LIQ,2023,1411.8248857433664
RE1,PHL_AGR_MOT_LIQ,2024,1446.964092742221
RE1,PHL_AGR_MOT_LIQ,2025,1482.69887858762
RE1,PHL_AGR_MOT_LIQ,2026,1521.7772189367697
RE1,PHL_AGR_MOT_LIQ,2027,1561.4961804457853
RE1,PHL_AGR_MOT_LIQ,2028,1601.8557722901223
RE1,PHL_AGR_MOT_LIQ,2029,1643.4966248051028
RE1,PHL_AGR_MOT_LIQ,2030,1685.778098479949
RE1,PHL_AGR_MOT_LIQ,2031,1733.9893115007608
RE1,PHL_AGR_MOT_LIQ,2032,1782.920091304542
RE1,PHL_AGR_MOT_LIQ,2033,1831.8508711083232
RE1,PHL_AGR_MOT_LIQ,2034,1877.5976208857226
RE1,PHL_AGR_MOT_LIQ,2035,2198.7256421902966
RE1,PHL_AGR_MOT_LIQ,2036,2259.965516379097
RE1,PHL_AGR_MOT_LIQ,2037,2321.2053905678977
RE1,PHL_AGR_MOT_LIQ,2038,2383.2292248896147
RE1,PHL_AGR_MOT_LIQ,2039,2444.6574711893313
RE1,PHL_AGR_MOT_LIQ,2040,2505.4901386425036
RE1,PHL_AGR_MOT_LIQ,2041,2575.131133714478
RE1,PHL_AGR_MOT_LIQ,2042,2645.6846370574076
RE1,PHL_AGR_MOT_LIQ,2043,2715.5975100650153
RE1,PHL_AGR_MOT_LIQ,2044,2784.2291224019796
RE1,PHL_AGR_MOT_LIQ,2045,2852.2201135790783
RE1,PHL_AGR_MOT_LIQ,2046,2928.9704813174176
RE1,PHL_AGR_MOT_LIQ,2047,3005.0012822727876
RE1,PHL_AGR_MOT_LIQ,2048,3082.792100840027
RE1,PHL_AGR_MOT_LIQ,2049,3159.6936250398976
RE1,PHL_AGR_MOT_LIQ,2050,3305.4980431077283
RE1,PHL_AGR_MOT_LIQ,2051,3391.999333055927
RE1,PHL_AGR_MOT_LIQ,2052,3478.5006138286694
RE1,PHL_AGR_MOT_LIQ,2053,3563.6223647974075
RE1,PHL_HOU_COOK_BIOM,2020,2083.340035222162
RE1,PHL_HOU_COOK_BIOM,2021,2083.340035222162
RE1,PHL_HOU_COOK_BIOM,2022,2083.340035222162
RE1,PHL_HOU_COOK_BIOM,2023,2083.340035222162
RE1,PHL_HOU_COOK_BIOM,2024,2083.340035222162
RE1,PHL_HOU_COOK_BIOM,2025,2083.340035222162
RE1,PHL_HOU_COOK_BIOM,2026,2083.340035222162
RE1,PHL_HOU_COOK_BIOM,2027,2083.340035222162
RE1,PHL_HOU_COOK_BIOM,2028,2083.340035222162
RE1,PHL_HOU_COOK_BIOM,2029,2083.340035222162
RE1,PHL_HOU_COOK_BIOM,2030,2083.340035222162
RE1,PHL_HOU_COOK_BIOM,2031,2083.340035222162
RE1,PHL_HOU_COOK_BIOM,2032,2083.340035222162
RE1,PHL_HOU_COOK_BIOM,2033,2083.340035222162
RE1,PHL_HOU_COOK_BIOM,2034,2083.340035222162
RE1,PHL_HOU_COOK_COAL,2021,2205.9097214191106
RE1,PHL_HOU_COOK_COAL,2022,2239.8151232055616
RE1,PHL_HOU_COOK_COAL,2023,2273.7113495360495
RE1,PHL_HOU_COOK_COAL,2024,2308.6469806934574
RE1,PHL_HOU_COOK_COAL,2025,2371.878066458022
RE1,PHL_HOU_COOK_COAL,2026,2404.0009432391266
RE1,PHL_HOU_COOK_COAL,2027,2436.024440656698
RE1,PHL_HOU_COOK_COAL,2028,2467.697811850186
RE1,PHL_HOU_COOK_COAL,2029,2500.129167460759
RE1,PHL_HOU_COOK_COAL,2030,2532.247557443898
RE1,PHL_HOU_COOK_COAL,2031,2561.845422147692
RE1,PHL_HOU_COOK_COAL,2032,2584.1200893593636
RE1,PHL_HOU_COOK_COAL,2033,2613.7795672499474
RE1,PHL_HOU_COOK_COAL,2034,2642.8012133192783
RE1,PHL_HOU_COOK_COAL,2035,2752.3885101726582
RE1,PHL_HOU_COOK_COAL,2036,2778.6119633142985
RE1,PHL_HOU_COOK_COAL,2037,2804.8354072804827
RE1,PHL_HOU_COOK_COAL,2038,2831.0680267026296
RE1,PHL_HOU_COOK_COAL,2039,2857.2914706688134
RE1,PHL_HOU_COOK_COAL,2040,2883.524099266416
RE1,PHL_HOU_COOK_COAL,2041,2906.820572780472
RE1,PHL_HOU_COOK_COAL,2042,2930.117055469984
RE1,PHL_HOU_COOK_COAL,2043,2953.413528984039
RE1,PHL_HOU_COOK_COAL,2044,2976.710011673551
RE1,PHL_HOU_COOK_COAL,2045,3000.0156698190253
RE1,PHL_HOU_COOK_COAL,2046,3020.1741373938085
RE1,PHL_HOU_COOK_COAL,2047,3040.3326141440475
RE1,PHL_HOU_COOK_COAL,2048,3060.49108171883
RE1,PHL_HOU_COOK_COAL,2049,3080.6587247495763
RE1,PHL_HOU_COOK_COAL,2050,3100.8171923243594
RE1,PHL_HOU_COOK_COAL,2051,3118.2138568297996
RE1,PHL_HOU_COOK_COAL,2052,3135.6013458792777
RE1,PHL_HOU_COOK_COAL,2053,3152.9980103847183
RE1,PHL_HOU_COOK_ELE,2020,101.97366865366806
RE1,PHL_HOU_COOK_ELE,2021,101.97366865366806
RE1,PHL_HOU_COOK_ELE,2022,101.97366865366806
RE1,PHL_HOU_COOK_ELE,2023,101.97366865366806
RE1,PHL_HOU_COOK_ELE,2024,101.97366865366806
RE1,PHL_HOU_COOK_ELE,2025,101.97366865366806
RE1,PHL_HOU_COOK_ELE,2026,101.97366865366806
RE1,PHL_HOU_COOK_ELE,2027,101.97366865366806
RE1,PHL_HOU_COOK_ELE,2028,101.97366865366806
RE1,PHL_HOU_COOK_ELE,2029,101.97366865366806
RE1,PHL_HOU_COOK_ELE,2030,101.97366865366806
RE1,PHL_HOU_COOK_ELE,2031,101.97366865366806
RE1,PHL_HOU_COOK_ELE,2032,101.97366865366806
RE1,PHL_HOU_COOK_ELE,2033,101.97366865366806
RE1,PHL_HOU_COOK_ELE,2034,101.97366865366806
RE1,PHL_INDU_OTHHPH_BIOM,2020,23.64798775882814
RE1,PHL_INDU_OTHHPH_BIOM,2021,23.64798775882814
RE1,PHL_INDU_OTHHPH_BIOM,2022,23.64798775882814
RE1,PHL_INDU_OTHHPH_BIOM,2023,23.64798775882814
RE1,PHL_INDU_OTHHPH_BIOM,2024,23.64798775882814
RE1,PHL_INDU_OTHHPH_BIOM,2025,23.64798775882814
RE1,PHL_INDU_OTHHPH_BIOM,2026,23.64798775882814
RE1,PHL_INDU_OTHHPH_BIOM,2027,23.64798775882814
RE1,PHL_INDU_OTHHPH_BIOM,2028,23.64798775882814
RE1,PHL_INDU_OTHHPH_BIOM,2029,23.64798775882814
RE1,PHL_INDU_OTHHPH_BIOM,2030,23.64798775882814
RE1,PHL_INDU_OTHHPH_BIOM,2031,23.64798775882814
RE1,PHL_INDU_OTHHPH_BIOM,2032,23.64798775882814
RE1,PHL_INDU_OTHHPH_BIOM,2033,23.64798775882814
RE1,PHL_INDU_OTHHPH_BIOM,2034,23.64798775882814
RE1,PHL_INDU_OTHHPH_BIOM,2035,23.64798775882814
RE1,PHL_INDU_OTHHPH_BIOM,2036,23.64798775882814
RE1,PHL_INDU_OTHHPH_BIOM,2037,23.64798775882814
RE1,PHL_INDU_OTHHPH_BIOM,2038,23.64798775882814
RE1,PHL_INDU_OTHHPH_BIOM,2039,23.64798775882814
RE1,PHL_INDU_OTHHPH_BIOM,2040,23.64798775882814
RE1,PHL_INDU_OTHHPH_BIOM,2041,23.64798775882814
RE1,PHL_INDU_OTHHPH_BIOM,2042,23.64798775882814
RE1,PHL_INDU_OTHHPH_BIOM,2043,23.64798775882814
RE1,PHL_INDU_OTHHPH_BIOM,2044,23.64798775882814
RE1,PHL_INDU_OTHHPH_COAL,2020,46.68234488004811
RE1,PHL_INDU_OTHHPH_COAL,2021,137.70500890010382
RE1,PHL_INDU_OTHHPH_COAL,2022,140.83672873250788
RE1,PHL_INDU_OTHHPH_COAL,2023,143.95070369321024
RE1,PHL_INDU_OTHHPH_COAL,2024,147.04756221826128
RE1,PHL_INDU_OTHHPH_COAL,2025,150.12793950108824
RE1,PHL_INDU_OTHHPH_COAL,2026,153.4436627060883
RE1,PHL_INDU_OTHHPH_COAL,2027,156.74291818361806
RE1,PHL_INDU_OTHHPH_COAL,2028,160.02638167136607
RE1,PHL_INDU_OTHHPH_COAL,2029,163.294722149644
RE1,PHL_INDU_OTHHPH_COAL,2030,166.51786929131077
RE1,PHL_INDU_OTHHPH_COAL,2031,170.15337184267003
RE1,PHL_INDU_OTHHPH_COAL,2032,173.77411628291102
RE1,PHL_INDU_OTHHPH_COAL,2033,177.38087971037564
RE1,PHL_INDU_OTHHPH_COAL,2034,180.97442570865195
RE1,PHL_INDU_OTHHPH_COAL,2035,184.55551110395112
RE1,PHL_INDU_OTHHPH_COAL,2036,188.78726431956866
RE1,PHL_INDU_OTHHPH_COAL,2037,193.00596228304315
RE1,PHL_INDU_OTHHPH_COAL,2038,197.21242263697772
RE1,PHL_INDU_OTHHPH_COAL,2039,201.40742923709115
RE1,PHL_INDU_OTHHPH_COAL,2040,205.55181632695425
RE1,PHL_INDU_OTHHPH_COAL,2041,210.35264203699603
RE1,PHL_INDU_OTHHPH_COAL,2042,215.1438384849758
RE1,PHL_INDU_OTHHPH_COAL,2043,219.92939252325604
RE1,PHL_INDU_OTHHPH_COAL,2044,224.62880352099813
RE1,PHL_INDU_OTHHPH_COAL,2045,224.2707368772049
RE1,PHL_INDU_OTHHPH_COAL,2046,220.14820314418998
RE1,PHL_INDU_OTHHPH_COAL,2047,225.17262369800073
RE1,PHL_INDU_OTHHPH_COAL,2048,230.20601804831563
RE1,PHL_INDU_OTHHPH_COAL,2049,235.2486362180794
RE1,PHL_INDU_OTHHPH_COAL,2050,240.23669532686856
RE1,PHL_INDU_OTHHPH_COAL,2051,245.743065514917
RE1,PHL_INDU_OTHHPH_COAL,2052,251.26590343043574
RE1,PHL_INDU_OTHHPH_COAL,2053,256.80453333573627
RE1,PHL_INDU_OTHHPH_NG,2020,0.2391232958521753
RE1,PHL_INDU_OTHHPH_NG,2021,0.2391232958521753
RE1,PHL_INDU_OTHHPH_NG,2022,0.2391232958521753
RE1,PHL_INDU_OTHHPH_NG,2023,0.2391232958521753
RE1,PHL_INDU_OTHHPH_NG,2024,0.2391232958521753
RE1,PHL_INDU_OTHHPH_NG,2025,0.2391232958521753
RE1,PHL_INDU_OTHHPH_NG,2026,0.2391232958521753
RE1,PHL_INDU_OTHHPH_NG,2027,0.2391232958521753
RE1,PHL_INDU_OTHHPH_NG,2028,0.2391232958521753
RE1,PHL_INDU_OTHHPH_NG,2029,0.2391232958521753
RE1,PHL_INDU_OTHHPH_NG,2030,0.2391232958521753
RE1,PHL_INDU_OTHHPH_NG,2031,0.2391232958521753
RE1,PHL_INDU_OTHHPH_NG,2032,0.2391232958521753
RE1,PHL_INDU_OTHHPH_NG,2033,0.2391232958521753
RE1,PHL_INDU_OTHHPH_NG,2034,0.2391232958521753
RE1,PHL_INDU_OTHHPH_NG,2035,0.2391232958521753
RE1,PHL_INDU_OTHHPH_NG,2036,0.2391232958521753
RE1,PHL_INDU_OTHHPH_NG,2037,0.2391232958521753
RE1,PHL_INDU_OTHHPH_NG,2038,0.2391232958521753
RE1,PHL_INDU_OTHHPH_NG,2039,0.2391232958521753
RE1,PHL_INDU_OTHHPH_NG,2040,0.2391232958521753
RE1,PHL_INDU_OTHHPH_NG,2041,0.2391232958521753
RE1,PHL_INDU_OTHHPH_NG,2042,0.2391232958521753
RE1,PHL_INDU_OTHHPH_NG,2043,0.2391232958521753
RE1,PHL_INDU_OTHHPH_NG,2044,0.2391232958521753
RE1,PHL_INDU_OTHHPH_OIL,2020,30.26084462501586
RE1,PHL_INDU_OTHHPH_OIL,2021,30.26084462501586
RE1,PHL_INDU_OTHHPH_OIL,2022,30.26084462501586
RE1,PHL_INDU_OTHHPH_OIL,2023,30.26084462501586
RE1,PHL_INDU_OTHHPH_OIL,2024,30.26084462501586
RE1,PHL_INDU_OTHHPH_OIL,2025,30.26084462501586
RE1,PHL_INDU_OTHHPH_OIL,2026,30.26084462501586
RE1,PHL_INDU_OTHHPH_OIL,2027,30.26084462501586
RE1,PHL_INDU_OTHHPH_OIL,2028,30.26084462501586
RE1,PHL_INDU_OTHHPH_OIL,2029,30.26084462501586
RE1,PHL_INDU_OTHHPH_OIL,2030,30.26084462501586
RE1,PHL_INDU_OTHHPH_OIL,2031,30.26084462501586
RE1,PHL_INDU_OTHHPH_OIL,2032,30.26084462501586
RE1,PHL_INDU_OTHHPH_OIL,2033,30.26084462501586
RE1,PHL_INDU_OTHHPH_OIL,2034,30.26084462501586
RE1,PHL_INDU_OTHHPH_OIL,2035,30.26084462501586
RE1,PHL_INDU_OTHHPH_OIL,2036,30.26084462501586
RE1,PHL_INDU_OTHHPH_OIL,2037,30.26084462501586
RE1,PHL_INDU_OTHHPH_OIL,2038,30.26084462501586
RE1,PHL_INDU_OTHHPH_OIL,2039,30.26084462501586
RE1,PHL_INDU_OTHHPH_OIL,2040,30.26084462501586
RE1,PHL_INDU_OTHHPH_OIL,2041,30.26084462501586
RE1,PHL_INDU_OTHHPH_OIL,2042,30.26084462501586
RE1,PHL_INDU_OTHHPH_OIL,2043,30.26084462501586
RE1,PHL_INDU_OTHHPH_OIL,2044,30.26084462501586
RE1,PHL_INDU_OTHLPH_BIOM,2020,23.64798775882814
RE1,PHL_INDU_OTHLPH_BIOM,2021,23.64798775882814
RE1,PHL_INDU_OTHLPH_BIOM,2022,23.64798775882814
RE1,PHL_INDU_OTHLPH_BIOM,2023,23.64798775882814
RE1,PHL_INDU_OTHLPH_BIOM,2024,23.64798775882814
RE1,PHL_INDU_OTHLPH_BIOM,2025,23.64798775882814
RE1,PHL_INDU_OTHLPH_BIOM,2026,23.64798775882814
RE1,PHL_INDU_OTHLPH_BIOM,2027,23.64798775882814
RE1,PHL_INDU_OTHLPH_BIOM,2028,23.64798775882814
RE1,PHL_INDU_OTHLPH_BIOM,2029,23.64798775882814
RE1,PHL_INDU_OTHLPH_BIOM,2030,23.64798775882814
RE1,PHL_INDU_OTHLPH_BIOM,2031,23.64798775882814
RE1,PHL_INDU_OTHLPH_BIOM,2032,23.64798775882814
RE1,PHL_INDU_OTHLPH_BIOM,2033,23.64798775882814
RE1,PHL_INDU_OTHLPH_BIOM,2034,23.64798775882814
RE1,PHL_INDU_OTHLPH_BIOM,2035,23.64798775882814
RE1,PHL_INDU_OTHLPH_BIOM,2036,23.64798775882814
RE1,PHL_INDU_OTHLPH_BIOM,2037,23.64798775882814
RE1,PHL_INDU_OTHLPH_BIOM,2038,23.64798775882814
RE1,PHL_INDU_OTHLPH_BIOM,2039,23.64798775882814
RE1,PHL_INDU_OTHLPH_BIOM,2040,23.64798775882814
RE1,PHL_INDU_OTHLPH_BIOM,2041,23.64798775882814
RE1,PHL_INDU_OTHLPH_BIOM,2042,23.64798775882814
RE1,PHL_INDU_OTHLPH_BIOM,2043,23.64798775882814
RE1,PHL_INDU_OTHLPH_BIOM,2044,23.64798775882814
RE1,PHL_INDU_OTHLPH_COAL,2020,46.68234488004811
RE1,PHL_INDU_OTHLPH_COAL,2021,136.79113449271287
RE1,PHL_INDU_OTHLPH_COAL,2022,139.92285432511693
RE1,PHL_INDU_OTHLPH_COAL,2023,143.0368292858193
RE1,PHL_INDU_OTHLPH_COAL,2024,146.13368781087033
RE1,PHL_INDU_OTHLPH_COAL,2025,149.2140650936973
RE1,PHL_INDU_OTHLPH_COAL,2026,152.52978829869733
RE1,PHL_INDU_OTHLPH_COAL,2027,155.82904377622708
RE1,PHL_INDU_OTHLPH_COAL,2028,159.1125072639751
RE1,PHL_INDU_OTHLPH_COAL,2029,162.38084774225302
RE1,PHL_INDU_OTHLPH_COAL,2030,165.60399488391982
RE1,PHL_INDU_OTHLPH_COAL,2031,169.23949743527905
RE1,PHL_INDU_OTHLPH_COAL,2032,172.86024187552007
RE1,PHL_INDU_OTHLPH_COAL,2033,176.4670053029847
RE1,PHL_INDU_OTHLPH_COAL,2034,180.06055130126097
RE1,PHL_INDU_OTHLPH_COAL,2035,183.64163669656014
RE1,PHL_INDU_OTHLPH_COAL,2036,187.8733899121777
RE1,PHL_INDU_OTHLPH_COAL,2037,192.09208787565217
RE1,PHL_INDU_OTHLPH_COAL,2038,196.29854822958677
RE1,PHL_INDU_OTHLPH_COAL,2039,200.4935548297002
RE1,PHL_INDU_OTHLPH_COAL,2040,204.63794191956327
RE1,PHL_INDU_OTHLPH_COAL,2041,209.43876762960508
RE1,PHL_INDU_OTHLPH_COAL,2042,214.22996407758484
RE1,PHL_INDU_OTHLPH_COAL,2043,219.01551811586506
RE1,PHL_INDU_OTHLPH_COAL,2044,223.71492911360716
RE1,PHL_INDU_OTHLPH_COAL,2045,224.17677555161006
RE1,PHL_INDU_OTHLPH_COAL,2046,220.14928432449167
RE1,PHL_INDU_OTHLPH_COAL,2047,225.17370487830243
RE1,PHL_INDU_OTHLPH_COAL,2048,230.20709922861732
RE1,PHL_INDU_OTHLPH_COAL,2049,235.24971739838114
RE1,PHL_INDU_OTHLPH_COAL,2050,240.23777650717025
RE1,PHL_INDU_OTHLPH_COAL,2051,245.74414669521872
RE1,PHL_INDU_OTHLPH_COAL,2052,251.26698461073747
RE1,PHL_INDU_OTHLPH_COAL,2053,256.80561451603796
RE1,PHL_INDU_OTHLPH_ELE,2021,1.3275948072143293
RE1,PHL_INDU_OTHLPH_ELE,2022,1.3275948072143293
RE1,PHL_INDU_OTHLPH_ELE,2023,1.3275948072143293
RE1,PHL_INDU_OTHLPH_ELE,2024,1.3275948072143293
RE1,PHL_INDU_OTHLPH_ELE,2025,1.3275948072143293
RE1,PHL_INDU_OTHLPH_ELE,2026,1.3275948072143293
RE1,PHL_INDU_OTHLPH_ELE,2027,1.3275948072143293
RE1,PHL_INDU_OTHLPH_ELE,2028,1.3275948072143293
RE1,PHL_INDU_OTHLPH_ELE,2029,1.3275948072143293
RE1,PHL_INDU_OTHLPH_ELE,2030,1.3275948072143293
RE1,PHL_INDU_OTHLPH_ELE,2031,1.3275948072143293
RE1,PHL_INDU_OTHLPH_ELE,2032,1.3275948072143293
RE1,PHL_INDU_OTHLPH_ELE,2033,1.3275948072143293
RE1,PHL_INDU_OTHLPH_ELE,2034,1.3275948072143293
RE1,PHL_INDU_OTHLPH_ELE,2035,1.3275948072143293
RE1,PHL_INDU_OTHLPH_ELE,2036,1.3275948072143293
RE1,PHL_INDU_OTHLPH_ELE,2037,1.3275948072143293
RE1,PHL_INDU_OTHLPH_ELE,2038,1.3275948072143293
RE1,PHL_INDU_OTHLPH_ELE,2039,1.3275948072143293
RE1,PHL_INDU_OTHLPH_ELE,2040,1.3275948072143293
RE1,PHL_INDU_OTHLPH_ELE,2041,1.3275948072143293
RE1,PHL_INDU_OTHLPH_ELE,2042,1.3275948072143293
RE1,PHL_INDU_OTHLPH_ELE,2043,1.3275948072143293
RE1,PHL_INDU_OTHLPH_ELE,2044,1.3275948072143293
RE1,PHL_INDU_OTHLPH_ELE,2045,1.3275948072143293
RE1,PHL_INDU_OTHLPH_NG,2020,0.21971610943661457
RE1,PHL_INDU_OTHLPH_NG,2021,0.21971610943661457
RE1,PHL_INDU_OTHLPH_NG,2022,0.21971610943661457
RE1,PHL_INDU_OTHLPH_NG,2023,0.21971610943661457
RE1,PHL_INDU_OTHLPH_NG,2024,0.21971610943661457
RE1,PHL_INDU_OTHLPH_NG,2025,0.21971610943661457
RE1,PHL_INDU_OTHLPH_NG,2026,0.21971610943661457
RE1,PHL_INDU_OTHLPH_NG,2027,0.21971610943661457
RE1,PHL_INDU_OTHLPH_NG,2028,0.21971610943661457
RE1,PHL_INDU_OTHLPH_NG,2029,0.21971610943661457
RE1,PHL_INDU_OTHLPH_NG,2030,0.21971610943661457
RE1,PHL_INDU_OTHLPH_NG,2031,0.21971610943661457
RE1,PHL_INDU_OTHLPH_NG,2032,0.21971610943661457
RE1,PHL_INDU_OTHLPH_NG,2033,0.21971610943661457
RE1,PHL_INDU_OTHLPH_NG,2034,0.21971610943661457
RE1,PHL_INDU_OTHLPH_NG,2035,0.21971610943661457
RE1,PHL_INDU_OTHLPH_NG,2036,0.21971610943661457
RE1,PHL_INDU_OTHLPH_NG,2037,0.21971610943661457
RE1,PHL_INDU_OTHLPH_NG,2038,0.21971610943661457
RE1,PHL_INDU_OTHLPH_NG,2039,0.21971610943661457
RE1,PHL_INDU_OTHLPH_NG,2040,0.21971610943661457
RE1,PHL_INDU_OTHLPH_NG,2041,0.21971610943661457
RE1,PHL_INDU_OTHLPH_NG,2042,0.21971610943661457
RE1,PHL_INDU_OTHLPH_NG,2043,0.21971610943661457
RE1,PHL_INDU_OTHLPH_NG,2044,0.21971610943661457
RE1,PHL_INDU_OTHLPH_OIL,2020,34.24272165775564
RE1,PHL_INDU_OTHLPH_OIL,2021,34.24272165775564
RE1,PHL_INDU_OTHLPH_OIL,2022,34.24272165775564
RE1,PHL_INDU_OTHLPH_OIL,2023,34.24272165775564
RE1,PHL_INDU_OTHLPH_OIL,2024,34.24272165775564
RE1,PHL_INDU_OTHLPH_OIL,2025,34.24272165775564
RE1,PHL_INDU_OTHLPH_OIL,2026,34.24272165775564
RE1,PHL_INDU_OTHLPH_OIL,2027,34.24272165775564
RE1,PHL_INDU_OTHLPH_OIL,2028,34.24272165775564
RE1,PHL_INDU_OTHLPH_OIL,2029,34.24272165775564
RE1,PHL_INDU_OTHLPH_OIL,2030,34.24272165775564
RE1,PHL_INDU_OTHLPH_OIL,2031,34.24272165775564
RE1,PHL_INDU_OTHLPH_OIL,2032,34.24272165775564
RE1,PHL_INDU_OTHLPH_OIL,2033,34.24272165775564
RE1,PHL_INDU_OTHLPH_OIL,2034,34.24272165775564
RE1,PHL_INDU_OTHLPH_OIL,2035,34.24272165775564
RE1,PHL_INDU_OTHLPH_OIL,2036,34.24272165775564
RE1,PHL_INDU_OTHLPH_OIL,2037,34.24272165775564
RE1,PHL_INDU_OTHLPH_OIL,2038,34.24272165775564
RE1,PHL_INDU_OTHLPH_OIL,2039,34.24272165775564
RE1,PHL_POW_CHP_BIOM_OLD,2022,20.480610924063743
RE1,PHL_POW_CHP_BIOM_OLD,2023,21.97919221119036
RE1,PHL_POW_CHP_BIOM_OLD,2024,24.451851334949275
RE1,PHL_POW_CHP_BIOM_OLD,2025,24.451851334949275
RE1,PHL_POW_CHP_BIOM_OLD,2026,24.451851334949275
RE1,PHL_POW_CHP_BIOM_OLD,2027,24.451851334949275
RE1,PHL_POW_CHP_BIOM_OLD,2028,24.451851334949275
RE1,PHL_POW_CHP_BIOM_OLD,2029,24.451851334949275
RE1,PHL_POW_CHP_BIOM_OLD,2030,24.451851334949275
RE1,PHL_POW_CHP_BIOM_OLD,2031,24.451851334949275
RE1,PHL_POW_CHP_BIOM_OLD,2032,24.451851334949275
RE1,PHL_POW_CHP_BIOM_OLD,2033,24.451851334949275
RE1,PHL_POW_CHP_BIOM_OLD,2034,24.451851334949275
RE1,PHL_POW_CHP_BIOM_OLD,2035,24.451851334949275
RE1,PHL_POW_CHP_BIOM_OLD,2036,24.451851334949275
RE1,PHL_POW_CHP_BIOM_OLD,2037,24.451851334949275
RE1,PHL_POW_CHP_BIOM_OLD,2038,24.451851334949275
RE1,PHL_POW_CHP_BIOM_OLD,2039,24.451851334949275
RE1,PHL_POW_CHP_BIOM_OLD,2040,24.451851334949275
RE1,PHL_POW_CHP_BIOM_OLD,2041,24.451851334949275
RE1,PHL_POW_CHP_BIOM_OLD,2042,24.451851334949275
RE1,PHL_POW_CHP_BIOM_OLD,2043,24.451851334949275
RE1,PHL_POW_CHP_BIOM_OLD,2044,24.451851334949275
RE1,PHL_POW_CHP_BIOM_OLD,2045,24.451851334949275
RE1,PHL_POW_CHP_BIOM_OLD,2046,24.451851334949275
RE1,PHL_POW_CHP_BIOM_OLD,2047,24.451851334949275
RE1,PHL_POW_CHP_BIOM_OLD,2048,24.451851334949275
RE1,PHL_POW_CHP_BIOM_OLD,2049,24.451851334949275
RE1,PHL_POW_CHP_BIOM_OLD,2050,24.451851334949275
RE1,PHL_POW_CHP_BIOM_OLD,2051,24.451851334949275
RE1,PHL_POW_CHP_BIOM_OLD,2052,24.451851334949275
RE1,PHL_POW_CHP_BIOM_OLD,2053,24.451851334949275
RE1,PHL_POW_CHP_OIL_OLD,2021,12.973273705665743
RE1,PHL_POW_CHP_OIL_OLD,2022,19.993849520800765
RE1,PHL_POW_CHP_OIL_OLD,2023,19.993849520800765
RE1,PHL_POW_CHP_OIL_OLD,2024,20.80197335563645
RE1,PHL_POW_CHP_OIL_OLD,2025,20.80197335563645
RE1,PHL_POW_CHP_OIL_OLD,2026,20.80197335563645
RE1,PHL_POW_CHP_OIL_OLD,2027,20.80197335563645
RE1,PHL_POW_CHP_OIL_OLD,2028,20.80197335563645
RE1,PHL_POW_CHP_OIL_OLD,2029,20.80197335563645
RE1,PHL_POW_CHP_OIL_OLD,2030,20.80197335563645
RE1,PHL_POW_CHP_OIL_OLD,2031,20.80197335563645
RE1,PHL_POW_CHP_OIL_OLD,2032,20.80197335563645
RE1,PHL_POW_CHP_OIL_OLD,2033,20.80197335563645
RE1,PHL_POW_CHP_OIL_OLD,2034,20.80197335563645
RE1,PHL_POW_CHP_OIL_OLD,2035,20.80197335563645
RE1,PHL_POW_CHP_OIL_OLD,2036,20.80197335563645
RE1,PHL_POW_CHP_OIL_OLD,2037,20.80197335563645
RE1,PHL_POW_CHP_OIL_OLD,2038,20.80197335563645
RE1,PHL_POW_CHP_OIL_OLD,2039,20.80197335563645
RE1,PHL_POW_CHP_OIL_OLD,2040,20.80197335563645
RE1,PHL_POW_CHP_OIL_OLD,2041,20.80197335563645
RE1,PHL_POW_CHP_OIL_OLD,2042,20.80197335563645
RE1,PHL_POW_CHP_OIL_OLD,2043,20.80197335563645
RE1,PHL_POW_CHP_OIL_OLD,2044,20.80197335563645
RE1,PHL_POW_CHP_OIL_OLD,2045,20.80197335563645
RE1,PHL_POW_CHP_OIL_OLD,2046,20.80197335563645
RE1,PHL_POW_CHP_OIL_OLD,2047,20.80197335563645
RE1,PHL_POW_CHP_OIL_OLD,2048,20.80197335563645
RE1,PHL_POW_CHP_OIL_OLD,2049,20.80197335563645
RE1,PHL_POW_CHP_OIL_OLD,2050,20.80197335563645
RE1,PHL_POW_CHP_OIL_OLD,2051,20.80197335563645
RE1,PHL_POW_CHP_OIL_OLD,2052,20.80197335563645
RE1,PHL_POW_CHP_OIL_OLD,2053,20.80197335563645
RE1,PHL_POW_GEO_OLD,2022,0.9035890131267148
RE1,PHL_POW_GEO_OLD,2023,69.54841379520371
RE1,PHL_POW_GEO_OLD,2024,71.19013179645518
RE1,PHL_POW_GEO_OLD,2025,79.90854470689402
RE1,PHL_POW_GEO_OLD,2026,283.54049330786347
RE1,PHL_POW_GEO_OLD,2027,488.63028953645505
RE1,PHL_POW_GEO_OLD,2028,698.7724915212823
RE1,PHL_POW_GEO_OLD,2029,746.1527808570964
RE1,PHL_POW_GEO_OLD,2030,746.1527808570964
RE1,PHL_POW_GEO_OLD,2031,746.1527808570964
RE1,PHL_POW_GEO_OLD,2032,746.1527808570964
RE1,PHL_POW_GEO_OLD,2033,780.3426354078371
RE1,PHL_POW_GEO_OLD,2034,780.3426354078371
RE1,PHL_POW_GEO_OLD,2035,780.3426354078371
RE1,PHL_POW_GEO_OLD,2036,806.8397726846609
RE1,PHL_POW_GEO_OLD,2037,955.8586958765316
RE1,PHL_POW_GEO_OLD,2038,955.8586958765316
RE1,PHL_POW_GEO_OLD,2039,955.8586958765316
RE1,PHL_POW_GEO_OLD,2040,955.8586958765316
RE1,PHL_POW_GEO_OLD,2041,955.8586958765316
RE1,PHL_POW_GEO_OLD,2042,955.8586958765316
RE1,PHL_POW_GEO_OLD,2043,955.8586958765316
RE1,PHL_POW_GEO_OLD,2044,955.8586958765316
RE1,PHL_POW_GEO_OLD,2045,955.8586958765316
RE1,PHL_POW_GEO_OLD,2046,955.8586958765316
RE1,PHL_POW_GEO_OLD,2047,955.8586958765316
RE1,PHL_POW_GEO_OLD,2048,955.8586958765316
RE1,PHL_POW_GEO_OLD,2049,955.8586958765316
RE1,PHL_POW_GEO_OLD,2050,956.9740177746261
RE1,PHL_POW_GEO_OLD,2051,956.9740177746261
RE1,PHL_POW_GEO_OLD,2052,956.9740177746261
RE1,PHL_POW_GEO_OLD,2053,956.9740177746261
RE1,PHL_POW_PP_COAL,2021,107.7801613259727
RE1,PHL_POW_PP_COAL,2022,222.16092839383947
RE1,PHL_POW_PP_COAL,2023,222.16092839383947
RE1,PHL_POW_PP_COAL,2024,311.3583032842996
RE1,PHL_POW_PP_COAL,2025,311.3583032842996
RE1,PHL_POW_PP_COAL,2026,311.3583032842996
RE1,PHL_POW_PP_COAL,2027,311.3583032842996
RE1,PHL_POW_PP_COAL,2028,311.3583032842996
RE1,PHL_POW_PP_COAL,2029,311.3583032842996
RE1,PHL_POW_PP_COAL,2030,311.3583032842996
RE1,PHL_POW_PP_COAL,2031,439.77152703878784
RE1,PHL_POW_PP_COAL,2032,903.9069386157992
RE1,PHL_POW_PP_COAL,2033,1067.2985345204759
RE1,PHL_POW_PP_COAL,2034,1230.6901304251523
RE1,PHL_POW_PP_COAL,2035,1394.0817263298288
RE1,PHL_POW_PP_COAL,2036,1706.0797234543845
RE1,PHL_POW_PP_COAL,2037,1904.4997298850876
RE1,PHL_POW_PP_COAL,2038,2202.684479629192
RE1,PHL_POW_PP_COAL,2039,2491.792639651981
RE1,PHL_POW_PP_COAL,2040,2491.792639651981
RE1,PHL_POW_PP_COAL,2041,2580.0065796973895
RE1,PHL_POW_PP_COAL,2042,2760.247363754944
RE1,PHL_POW_PP_COAL,2043,2940.8878939569227
RE1,PHL_POW_PP_COAL,2044,3121.903789687522
RE1,PHL_POW_PP_COAL,2045,3308.467039096981
RE1,PHL_POW_PP_COAL,2046,3542.9885139883963
RE1,PHL_POW_PP_COAL,2047,3731.6843442413256
RE1,PHL_POW_PP_COAL,2048,3902.932674677168
RE1,PHL_POW_PP_COAL,2049,3898.5043966695853
RE1,PHL_POW_PP_COAL,2050,3898.5043966695853
RE1,PHL_POW_PP_COAL,2051,4106.712801387984
RE1,PHL_POW_PP_COAL,2052,4273.60795530295
RE1,PHL_POW_PP_COAL,2053,4537.371458348957
RE1,PHL_POW_PP_HY_LA,2020,210.64731300386464
RE1,PHL_POW_PP_HY_LA,2021,578.3826047326339
RE1,PHL_POW_PP_HY_LA,2022,580.6714387192203
RE1,PHL_POW_PP_HY_LA,2023,587.4083840382292
RE1,PHL_POW_PP_HY_LA,2024,592.4754882097915
RE1,PHL_POW_PP_HY_LA,2025,592.4754882097915
RE1,PHL_POW_PP_HY_LA,2026,592.4754882097915
RE1,PHL_POW_PP_HY_LA,2027,592.4754882097915
RE1,PHL_POW_PP_HY_LA,2028,592.4754882097915
RE1,PHL_POW_PP_HY_LA,2029,592.4754882097915
RE1,PHL_POW_PP_HY_LA,2030,592.4754882097915
RE1,PHL_POW_PP_HY_LA,2031,592.4754882097915
RE1,PHL_POW_PP_HY_LA,2032,592.4754882097915
RE1,PHL_POW_PP_HY_LA,2033,592.4754882097915
RE1,PHL_POW_PP_HY_LA,2034,592.4754882097915
RE1,PHL_POW_PP_HY_LA,2035,592.4754882097915
RE1,PHL_POW_PP_HY_LA,2036,592.4754882097915
RE1,PHL_POW_PP_HY_LA,2037,592.4754882097915
RE1,PHL_POW_PP_HY_LA,2038,592.4754882097915
RE1,PHL_POW_PP_HY_LA,2039,592.4754882097915
RE1,PHL_POW_PP_HY_LA,2040,592.4754882097915
RE1,PHL_POW_PP_HY_LA,2041,592.4754882097915
RE1,PHL_POW_PP_HY_LA,2042,592.4754882097915
RE1,PHL_POW_PP_HY_LA,2043,592.4754882097915
RE1,PHL_POW_PP_HY_LA,2044,592.4754882097915
RE1,PHL_POW_PP_HY_LA,2045,592.4754882097915
RE1,PHL_POW_PP_HY_LA,2046,592.4754882097915
RE1,PHL_POW_PP_HY_LA,2047,592.4754882097915
RE1,PHL_POW_PP_HY_LA,2048,592.4754882097915
RE1,PHL_POW_PP_HY_LA,2049,592.4754882097915
RE1,PHL_POW_PP_HY_LA,2050,592.4754882097915
RE1,PHL_POW_PP_HY_LA,2051,592.4754882097915
RE1,PHL_POW_PP_HY_LA,2052,592.4754882097915
RE1,PHL_POW_PP_HY_LA,2053,592.4754882097915
RE1,PHL_POW_PP_NGCC,2025,71.35789991236813
RE1,PHL_POW_PP_NGCC,2026,71.35789991236813
RE1,PHL_POW_PP_NGCC,2027,71.35789991236813
RE1,PHL_POW_PP_NGCC,2028,71.35789991236813
RE1,PHL_POW_PP_NGCC,2029,71.35789991236813
RE1,PHL_POW_PP_NGCC,2030,71.35789991236813
RE1,PHL_POW_PP_NGCC,2031,71.35789991236813
RE1,PHL_POW_PP_NGCC,2032,71.35789991236813
RE1,PHL_POW_PP_NGCC,2033,71.35789991236813
RE1,PHL_POW_PP_NGCC,2034,71.35789991236813
RE1,PHL_POW_PP_NGCC,2035,71.35789991236813
RE1,PHL_POW_PP_NGCC,2036,71.35789991236813
RE1,PHL_POW_PP_NGCC,2037,71.35789991236813
RE1,PHL_POW_PP_NGCC,2038,74.03519966396661
RE1,PHL_POW_PP_NGCC,2039,134.4804359519142
RE1,PHL_POW_PP_NGCC,2040,252.43431471035504
RE1,PHL_POW_PP_NGCC,2041,309.5463059150381
RE1,PHL_POW_PP_NGCC,2042,324.87178666872694
RE1,PHL_POW_PP_NGCC,2043,338.9041757815795
RE1,PHL_POW_PP_NGCC,2044,358.2310237433469
RE1,PHL_POW_PP_NGCC,2045,378.68358312049315
RE1,PHL_POW_PP_NGCC,2046,445.38710995206196
RE1,PHL_POW_PP_NGCC,2047,465.4709260299357
RE1,PHL_POW_PP_NGCC,2048,495.3510600412145
RE1,PHL_POW_PP_NGCC,2049,623.7727845758249
RE1,PHL_POW_PP_NGCC,2050,832.4558950204395
RE1,PHL_POW_PP_NGCC,2051,859.3593369398246
RE1,PHL_POW_PP_NGCC,2052,887.868331607238
RE1,PHL_POW_PP_NGCC,2053,914.8934063105647
RE1,PHL_POW_PP_SPV_T1,2021,17.87676009291174
RE1,PHL_POW_PP_SPV_T1,2022,35.182746503679596
RE1,PHL_POW_PP_SPV_T1,2023,43.73723944560245
RE1,PHL_POW_PP_SPV_T1,2024,96.29344618666508
RE1,PHL_POW_PP_SPV_T1,2025,110.19144367195017
RE1,PHL_POW_PP_SPV_T1,2026,110.19144367195017
RE1,PHL_POW_PP_SPV_T1,2027,110.19144367195017
RE1,PHL_POW_PP_SPV_T1,2028,110.19144367195017
RE1,PHL_POW_PP_SPV_T1,2029,110.19144367195017
RE1,PHL_POW_PP_SPV_T1,2030,455.5890328087938
RE1,PHL_POW_PP_SPV_T1,2031,455.5890328087938
RE1,PHL_POW_PP_SPV_T1,2032,455.5890328087938
RE1,PHL_POW_PP_SPV_T1,2033,455.5890328087938
RE1,PHL_POW_PP_SPV_T1,2034,456.7467129289815
RE1,PHL_POW_PP_SPV_T1,2035,456.7467129289815
RE1,PHL_POW_PP_SPV_T1,2036,456.7467129289815
RE1,PHL_POW_PP_SPV_T1,2037,456.7467129289815
RE1,PHL_POW_PP_SPV_T1,2038,456.7467129289815
RE1,PHL_POW_PP_SPV_T1,2039,456.7467129289815
RE1,PHL_POW_PP_SPV_T1,2040,960.5223422631246
RE1,PHL_POW_PP_SPV_T1,2041,1003.6008832678538
RE1,PHL_POW_PP_SPV_T1,2042,1048.6242453433663
RE1,PHL_POW_PP_SPV_T1,2043,1092.6186547956527
RE1,PHL_POW_PP_SPV_T1,2044,1136.2447987808875
RE1,PHL_POW_PP_SPV_T1,2045,1181.963994373642
RE1,PHL_POW_PP_SPV_T1,2046,1241.508670590004
RE1,PHL_POW_PP_SPV_T1,2047,1286.250626352734
RE1,PHL_POW_PP_SPV_T1,2048,1371.3036120383863
RE1,PHL_POW_PP_SPV_T1,2049,1371.3036120383863
RE1,PHL_POW_PP_SPV_T1,2050,1589.5034289793655
RE1,PHL_POW_PP_SPV_T1,2051,1617.8316004472654
RE1,PHL_POW_PP_SPV_T1,2052,1646.780573248573
RE1,PHL_POW_PP_SPV_T1,2053,1681.5174014578395
RE1,PHL_POW_PP_WON_T1,2020,24.191247073549242
RE1,PHL_POW_PP_WON_T1,2021,39.44784988464274
RE1,PHL_POW_PP_WON_T1,2022,39.44784988464274
RE1,PHL_POW_PP_WON_T1,2023,41.74098600291565
RE1,PHL_POW_PP_WON_T1,2024,41.74098600291565
RE1,PHL_POW_PP_WON_T1,2025,41.74098600291565
RE1,PHL_POW_PP_WON_T1,2026,41.74098600291565
RE1,PHL_POW_PP_WON_T1,2027,41.74098600291565
RE1,PHL_POW_PP_WON_T1,2028,41.74098600291565
RE1,PHL_POW_PP_WON_T1,2029,41.74098600291565
RE1,PHL_POW_PP_WON_T1,2030,41.74098600291565
RE1,PHL_POW_PP_WON_T1,2031,41.74098600291565
RE1,PHL_POW_PP_WON_T1,2032,41.74098600291565
RE1,PHL_POW_PP_WON_T1,2033,41.74098600291565
RE1,PHL_POW_PP_WON_T1,2034,41.74098600291565
RE1,PHL_POW_PP_WON_T1,2035,41.74098600291565
RE1,PHL_POW_PP_WON_T1,2036,41.74098600291565
RE1,PHL_POW_PP_WON_T1,2037,41.74098600291565
RE1,PHL_POW_PP_WON_T1,2038,41.74098600291565
RE1,PHL_POW_PP_WON_T1,2039,41.74098600291565
RE1,PHL_POW_PP_WON_T1,2040,41.74098600291565
RE1,PHL_POW_PP_WON_T1,2041,41.74098600291565
RE1,PHL_POW_PP_WON_T1,2042,41.74098600291565
RE1,PHL_POW_PP_WON_T1,2043,41.74098600291565
RE1,PHL_POW_PP_WON_T1,2044,41.74098600291565
RE1,PHL_POW_PP_WON_T1,2045,17.549738929366406
RE1,PHL_POW_PP_WON_T1,2046,2.2931361182729035
RE1,PHL_POW_PP_WON_T1,2047,2.2931361182729035
RE1,PHL_POW_TD,2025,23.981630407555926
RE1,PHL_POW_TD,2026,92.67542325933817
RE1,PHL_POW_TD,2027,161.3692161111204
RE1,PHL_POW_TD,2028,230.06300896290267
RE1,PHL_POW_TD,2029,298.75680181468493
RE1,PHL_POW_TD,2030,367.45059466646717
RE1,PHL_POW_TD,2031,449.53950606442726
RE1,PHL_POW_TD,2032,531.6284174623873
RE1,PHL_POW_TD,2033,613.7173288603475
RE1,PHL_POW_TD,2034,695.8062402583075
RE1,PHL_POW_TD,2035,777.8951516562677
RE1,PHL_POW_TD,2036,877.582544825135
RE1,PHL_POW_TD,2037,977.2699379940022
RE1,PHL_POW_TD,2038,1076.9573311628697
RE1,PHL_POW_TD,2039,1176.6447243317368
RE1,PHL_POW_TD,2040,1276.3321175006042
RE1,PHL_POW_TD,2041,1376.5677318887085
RE1,PHL_POW_TD,2042,1484.8452805352645
RE1,PHL_POW_TD,2043,1593.363898986277
RE1,PHL_POW_TD,2044,1702.1088862093084
RE1,PHL_POW_TD,2045,1811.0660732887795
RE1,PHL_POW_TD,2046,1923.925737593373
RE1,PHL_POW_TD,2047,2036.9536864630422
RE1,PHL_POW_TD,2048,2150.1401383378798
RE1,PHL_POW_TD,2049,2263.4755724995744
RE1,PHL_POW_TD,2050,2425.220870026044
RE1,PHL_POW_TD,2051,2533.8501426995695
RE1,PHL_POW_TD,2052,2642.4794153730954
RE1,PHL_POW_TD,2053,2751.108688046621
RE1,PHL_PRO_PROC_BIOF,2020,635.1322797468084
RE1,PHL_PRO_PROC_BIOF,2021,655.2597484793633
RE1,PHL_PRO_PROC_BIOF,2022,675.8890402915767
RE1,PHL_PRO_PROC_BIOF,2023,695.9903174313229
RE1,PHL_PRO_PROC_BIOF,2024,716.5367773176721
RE1,PHL_PRO_PROC_BIOF,2025,736.9056465820896
RE1,PHL_PRO_PROC_BIOF,2026,761.3878730617115
RE1,PHL_PRO_PROC_BIOF,2027,785.5471982868529
RE1,PHL_PRO_PROC_BIOF,2028,809.7374925702613
RE1,PHL_PRO_PROC_BIOF,2029,833.1702646326587
RE1,PHL_PRO_PROC_BIOF,2030,833.1702646326587
RE1,PHL_PRO_PROC_BIOF,2031,851.844714885625
RE1,PHL_PRO_PROC_BIOF,2032,880.9508251615381
RE1,PHL_PRO_PROC_BIOF,2033,910.8284859728767
RE1,PHL_PRO_PROC_BIOF,2034,939.5629067331952
RE1,PHL_PRO_PROC_BIOF,2035,969.138614158399
RE1,PHL_PRO_PROC_BIOF,2036,1002.4587192634742
RE1,PHL_PRO_PROC_BIOF,2037,1035.6894648166137
RE1,PHL_PRO_PROC_BIOF,2038,1068.8715572561766
RE1,PHL_PRO_PROC_BIOF,2039,1101.2169850766438
RE1,PHL_PRO_PROC_BIOF,2040,1132.261685420394
RE1,PHL_PRO_PROC_BIOF,2041,1168.5354737490673
RE1,PHL_PRO_PROC_BIOF,2042,1205.0146120039183
RE1,PHL_PRO_PROC_BIOF,2043,1241.3978225365006
RE1,PHL_PRO_PROC_BIOF,2044,1276.5853355012996
RE1,PHL_PRO_PROC_BIOF,2045,1299.9992342100554
RE1,PHL_PRO_PROC_BIOF,2046,1337.3574328665827
RE1,PHL_PRO_PROC_BIOF,2047,1374.754270204142
RE1,PHL_PRO_PROC_BIOF,2048,1412.7891187951127
RE1,PHL_PRO_PROC_BIOF,2049,1447.1140458430827
RE1,PHL_PRO_PROC_BIOF,2050,1477.2633937494854
RE1,PHL_PRO_PROC_BIOF,2051,1516.2538908517542
RE1,PHL_PRO_PROC_BIOF,2052,1555.0057647040603
RE1,PHL_PRO_PROC_BIOF,2053,1594.292957953247
RE1,PHL_SER_HEAT_BIOM,2020,182.5705893916383
RE1,PHL_SER_HEAT_BIOM,2021,182.5705893916383
RE1,PHL_SER_HEAT_BIOM,2022,182.5705893916383
RE1,PHL_SER_HEAT_BIOM,2023,182.5705893916383
RE1,PHL_SER_HEAT_BIOM,2024,182.5705893916383
RE1,PHL_SER_HEAT_BIOM,2025,182.5705893916383
RE1,PHL_SER_HEAT_BIOM,2026,182.5705893916383
RE1,PHL_SER_HEAT_BIOM,2027,182.5705893916383
RE1,PHL_SER_HEAT_BIOM,2028,182.5705893916383
RE1,PHL_SER_HEAT_BIOM,2029,182.5705893916383
RE1,PHL_SER_HEAT_BIOM,2030,182.5705893916383
RE1,PHL_SER_HEAT_BIOM,2031,182.5705893916383
RE1,PHL_SER_HEAT_BIOM,2032,182.5705893916383
RE1,PHL_SER_HEAT_BIOM,2033,182.5705893916383
RE1,PHL_SER_HEAT_BIOM,2034,182.5705893916383
RE1,PHL_SER_HEAT_NG,2021,128.83128343417602
RE1,PHL_SER_HEAT_NG,2022,141.08393958956836
RE1,PHL_SER_HEAT_NG,2023,153.36759961065894
RE1,PHL_SER_HEAT_NG,2024,707.5683970497508
RE1,PHL_SER_HEAT_NG,2025,717.2768093721344
RE1,PHL_SER_HEAT_NG,2026,726.5287886376492
RE1,PHL_SER_HEAT_NG,2027,735.8035689112315
RE1,PHL_SER_HEAT_NG,2028,745.1009208064822
RE1,PHL_SER_HEAT_NG,2029,754.4205598842667
RE1,PHL_SER_HEAT_NG,2030,763.7656700278037
RE1,PHL_SER_HEAT_NG,2031,772.8553813546167
RE1,PHL_SER_HEAT_NG,2032,781.9675358467147
RE1,PHL_SER_HEAT_NG,2033,791.1019224686104
RE1,PHL_SER_HEAT_NG,2034,816.3690270107053
RE1,PHL_SER_HEAT_NG,2035,961.2625792141982
RE1,PHL_SER_HEAT_NG,2036,998.817986558101
RE1,PHL_SER_HEAT_NG,2037,1032.0554243259169
RE1,PHL_SER_HEAT_NG,2038,1065.3561360380522
RE1,PHL_SER_HEAT_NG,2039,1118.3228043752563
RE1,PHL_SER_HEAT_NG,2040,1151.7316304850012
RE1,PHL_SER_HEAT_NG,2041,1206.3930514158114
RE1,PHL_SER_HEAT_NG,2042,1261.1706244436546
RE1,PHL_SER_HEAT_NG,2043,1316.0506873146019
RE1,PHL_SER_HEAT_NG,2044,1371.0210091458553
RE1,PHL_SER_HEAT_NG,2045,1426.0671569451852
RE1,PHL_SER_HEAT_NG,2046,1494.6771335569892
RE1,PHL_SER_HEAT_NG,2047,1563.3635417169635
RE1,PHL_SER_HEAT_NG,2048,1632.1166921436109
RE1,PHL_SER_HEAT_NG,2049,1701.4090107135437
RE1,PHL_SER_HEAT_NG,2050,1775.9357984538617
RE1,PHL_SER_HEAT_NG,2051,1865.2089936484176
RE1,PHL_SER_HEAT_NG,2052,1950.1935990768798
RE1,PHL_SER_HEAT_NG,2053,2035.0839266953244
RE1,PHL_SER_HEAT_OIL,2020,599.2610212504437
RE1,PHL_SER_HEAT_OIL,2021,599.2610212504437
RE1,PHL_SER_HEAT_OIL,2022,599.2610212504437
RE1,PHL_SER_HEAT_OIL,2023,599.2610212504437
RE1,PHL_SER_HEAT_OIL,2024,599.2610212504437
RE1,PHL_SER_HEAT_OIL,2025,599.2610212504437
RE1,PHL_SER_HEAT_OIL,2026,599.2610212504437
RE1,PHL_SER_HEAT_OIL,2027,599.2610212504437
RE1,PHL_SER_HEAT_OIL,2028,599.2610212504437
RE1,PHL_SER_HEAT_OIL,2029,599.2610212504437
RE1,PHL_SER_HEAT_OIL,2030,599.2610212504437
RE1,PHL_SER_HEAT_OIL,2031,599.2610212504437
RE1,PHL_SER_HEAT_OIL,2032,599.2610212504437
RE1,PHL_SER_HEAT_OIL,2033,599.2610212504437
RE1,PHL_SER_HEAT_OIL,2034,599.2610212504437
RE1,PHL_SER_HEAT_RES,2020,3421.7516
RE1,PHL_TRA_23WHEEL_LIQ,2020,2.981702046946487
RE1,PHL_TRA_23WHEEL_LIQ,2021,21.647001795625727
RE1,PHL_TRA_23WHEEL_LIQ,2022,40.038643570214894
RE1,PHL_TRA_23WHEEL_LIQ,2023,58.5097906707216
RE1,PHL_TRA_23WHEEL_LIQ,2024,77.13500285229944
RE1,PHL_TRA_23WHEEL_LIQ,2025,95.37336863503027
RE1,PHL_TRA_23WHEEL_LIQ,2026,113.62741527200153
RE1,PHL_TRA_23WHEEL_LIQ,2027,131.8822418227296
RE1,PHL_TRA_23WHEEL_LIQ,2028,150.2165736993752
RE1,PHL_TRA_23WHEEL_LIQ,2029,170.634495642418
RE1,PHL_TRA_23WHEEL_LIQ,2030,182.6869800505262
RE1,PHL_TRA_23WHEEL_LIQ,2031,204.85846925989665
RE1,PHL_TRA_23WHEEL_LIQ,2032,222.99150080817472
RE1,PHL_TRA_23WHEEL_LIQ,2033,240.54486375054788
RE1,PHL_TRA_23WHEEL_LIQ,2034,244.2801735220858
RE1,PHL_TRA_23WHEEL_LIQ,2035,246.31942778527076
RE1,PHL_TRA_23WHEEL_LIQ,2036,248.7330131253695
RE1,PHL_TRA_23WHEEL_LIQ,2037,251.14581855171136
RE1,PHL_TRA_23WHEEL_LIQ,2038,253.5594038918101
RE1,PHL_TRA_23WHEEL_LIQ,2039,250.95147321896363
RE1,PHL_TRA_23WHEEL_LIQ,2040,258.7161569501908
RE1,PHL_TRA_23WHEEL_LIQ,2041,260.89929153832816
RE1,PHL_TRA_23WHEEL_LIQ,2042,262.7355938910723
RE1,PHL_TRA_23WHEEL_LIQ,2043,264.90971818145425
RE1,PHL_TRA_23WHEEL_LIQ,2044,267.08385164729214
RE1,PHL_TRA_23WHEEL_LIQ,2045,269.2587558514309
RE1,PHL_TRA_23WHEEL_LIQ,2046,271.175453549321
RE1,PHL_TRA_23WHEEL_LIQ,2047,273.09215124721106
RE1,PHL_TRA_23WHEEL_LIQ,2048,274.3044950681179
RE1,PHL_TRA_23WHEEL_LIQ,2049,270.56918529658
RE1,PHL_TRA_23WHEEL_LIQ,2050,278.8422259899693
RE1,PHL_TRA_23WHEEL_LIQ,2051,280.53072092260885
RE1,PHL_TRA_23WHEEL_LIQ,2052,282.2192250307045
RE1,PHL_TRA_23WHEEL_LIQ,2053,283.90772913880005
RE1,PHL_TRA_AVI_LIQ,2021,104.74310219053214
RE1,PHL_TRA_AVI_LIQ,2022,212.20702417461928
RE1,PHL_TRA_AVI_LIQ,2023,319.67094615870644
RE1,PHL_TRA_AVI_LIQ,2024,421.59163379814896
RE1,PHL_TRA_AVI_LIQ,2025,528.6579346573284
RE1,PHL_TRA_AVI_LIQ,2026,651.3858614099682
RE1,PHL_TRA_AVI_LIQ,2027,771.8726356288256
RE1,PHL_TRA_AVI_LIQ,2028,885.8531268980292
RE1,PHL_TRA_AVI_LIQ,2029,1004.9253924320403
RE1,PHL_TRA_AVI_LIQ,2030,1127.35263874725
RE1,PHL_TRA_AVI_LIQ,2031,1271.5447315690396
RE1,PHL_TRA_AVI_LIQ,2032,1410.2956127641842
RE1,PHL_TRA_AVI_LIQ,2033,1553.0457845049127
RE1,PHL_TRA_AVI_LIQ,2034,1693.2004982997319
RE1,PHL_TRA_AVI_LIQ,2035,1829.8513469244333
RE1,PHL_TRA_AVI_LIQ,2036,1988.5368864132101
RE1,PHL_TRA_AVI_LIQ,2037,2147.579428993474
RE1,PHL_TRA_AVI_LIQ,2038,2300.260270481899
RE1,PHL_TRA_AVI_LIQ,2039,2492.716193191623
RE1,PHL_TRA_AVI_LIQ,2040,2492.716193191623
RE1,PHL_TRA_AVI_LIQ,2041,2660.0334125002
RE1,PHL_TRA_AVI_LIQ,2042,2798.648248120376
RE1,PHL_TRA_AVI_LIQ,2043,2913.757049513446
RE1,PHL_TRA_AVI_LIQ,2044,3008.185173458696
RE1,PHL_TRA_AVI_LIQ,2045,3081.402781973982
RE1,PHL_TRA_AVI_LIQ,2046,3166.7153403722186
RE1,PHL_TRA_AVI_LIQ,2047,3232.7420820368466
RE1,PHL_TRA_AVI_LIQ,2048,3284.0212449397786
RE1,PHL_TRA_AVI_LIQ,2049,3467.6864470218898
RE1,PHL_TRA_AVI_LIQ,2050,3345.25920070668
RE1,PHL_TRA_AVI_LIQ,2051,3201.0671078848904
RE1,PHL_TRA_AVI_LIQ,2052,3062.316226689746
RE1,PHL_TRA_AVI_LIQ,2053,2919.5660549490176
RE1,PHL_TRA_BUS_LIQ,2020,0.010915385604231354
RE1,PHL_TRA_BUS_LIQ,2021,21.273617859423226
RE1,PHL_TRA_BUS_LIQ,2022,33.363733296281715
RE1,PHL_TRA_BUS_LIQ,2023,55.03506587230838
RE1,PHL_TRA_BUS_LIQ,2024,67.33849384478854
RE1,PHL_TRA_BUS_LIQ,2025,89.41226497096262
RE1,PHL_TRA_BUS_LIQ,2026,101.74768674034378
RE1,PHL_TRA_BUS_LIQ,2027,123.9228537818313
RE1,PHL_TRA_BUS_LIQ,2028,136.46817163280886
RE1,PHL_TRA_BUS_LIQ,2029,158.90768834622347
RE1,PHL_TRA_BUS_LIQ,2030,171.93557724482943
RE1,PHL_TRA_BUS_LIQ,2031,197.06590301556918
RE1,PHL_TRA_BUS_LIQ,2032,211.0464399013901
RE1,PHL_TRA_BUS_LIQ,2033,235.98887303450854
RE1,PHL_TRA_BUS_LIQ,2034,239.53290756678228
RE1,PHL_TRA_BUS_LIQ,2035,243.76521574680575
RE1,PHL_TRA_BUS_LIQ,2036,246.91431066051103
RE1,PHL_TRA_BUS_LIQ,2037,250.669585655207
RE1,PHL_TRA_BUS_LIQ,2038,253.78153125655072
RE1,PHL_TRA_BUS_LIQ,2039,257.3749008650018
RE1,PHL_TRA_BUS_LIQ,2040,260.0936952442885
RE1,PHL_TRA_BUS_LIQ,2041,263.34073261797477
RE1,PHL_TRA_BUS_LIQ,2042,266.0453678303986
RE1,PHL_TRA_BUS_LIQ,2043,269.2737072102137
RE1,PHL_TRA_BUS_LIQ,2044,271.7828275157468
RE1,PHL_TRA_BUS_LIQ,2045,274.5125496144068
RE1,PHL_TRA_BUS_LIQ,2046,276.71957891473716
RE1,PHL_TRA_BUS_LIQ,2047,279.07102431680755
RE1,PHL_TRA_BUS_LIQ,2048,281.2583565879741
RE1,PHL_TRA_BUS_LIQ,2049,283.6234308048385
RE1,PHL_TRA_BUS_LIQ,2050,285.8479123883666
RE1,PHL_TRA_BUS_LIQ,2051,288.59173198504425
RE1,PHL_TRA_BUS_LIQ,2052,290.76977692812045
RE1,PHL_TRA_BUS_LIQ,2053,293.25554940885263
RE1,PHL_TRA_CAR_LIQ,2020,47.200132826448545
RE1,PHL_TRA_CAR_LIQ,2021,181.40787561203413
RE1,PHL_TRA_CAR_LIQ,2022,316.1317653218943
RE1,PHL_TRA_CAR_LIQ,2023,450.0728326553775
RE1,PHL_TRA_CAR_LIQ,2024,585.7060559284295
RE1,PHL_TRA_CAR_LIQ,2025,721.7182530591123
RE1,PHL_TRA_CAR_LIQ,2026,861.068095699906
RE1,PHL_TRA_CAR_LIQ,2027,999.4715634617861
RE1,PHL_TRA_CAR_LIQ,2028,1139.4647340219544
RE1,PHL_TRA_CAR_LIQ,2029,1279.7513631901807
RE1,PHL_TRA_CAR_LIQ,2030,1422.0320024482394
RE1,PHL_TRA_CAR_LIQ,2031,1562.7687703105437
RE1,PHL_TRA_CAR_LIQ,2032,1704.9185400402052
RE1,PHL_TRA_CAR_LIQ,2033,1847.137061461396
RE1,PHL_TRA_CAR_LIQ,2034,1905.0929298556441
RE1,PHL_TRA_CAR_LIQ,2035,1965.225436615208
RE1,PHL_TRA_CAR_LIQ,2036,2027.0755428537257
RE1,PHL_TRA_CAR_LIQ,2037,2088.5076703713144
RE1,PHL_TRA_CAR_LIQ,2038,2149.5139558022147
RE1,PHL_TRA_CAR_LIQ,2039,2210.236838924792
RE1,PHL_TRA_CAR_LIQ,2040,2270.9176067045005
RE1,PHL_TRA_CAR_LIQ,2041,2325.31937140702
RE1,PHL_TRA_CAR_LIQ,2042,2379.4242275300394
RE1,PHL_TRA_CAR_LIQ,2043,2433.2772907905282
RE1,PHL_TRA_CAR_LIQ,2044,2486.9086016313086
RE1,PHL_TRA_CAR_LIQ,2045,2538.590651080987
RE1,PHL_TRA_CAR_LIQ,2046,2580.9132216230905
RE1,PHL_TRA_CAR_LIQ,2047,2623.1631776067043
RE1,PHL_TRA_CAR_LIQ,2048,2665.3753765890315
RE1,PHL_TRA_CAR_LIQ,2049,2706.9712510188824
RE1,PHL_TRA_CAR_LIQ,2050,2749.035963722064
RE1,PHL_TRA_CAR_LIQ,2051,2781.8218130737596
RE1,PHL_TRA_CAR_LIQ,2052,2814.5094942221094
RE1,PHL_TRA_CAR_LIQ,2053,2847.0974656905114
RE1,PHL_TRA_RAILF_ELE,2020,2.3232139529495406
RE1,PHL_TRA_RAILF_ELE,2021,2.3232139529495406
RE1,PHL_TRA_RAILF_ELE,2022,2.3232139529495406
RE1,PHL_TRA_RAILF_ELE,2023,2.3232139529495406
RE1,PHL_TRA_RAILF_ELE,2024,2.3232139529495406
RE1,PHL_TRA_RAILF_ELE,2025,2.3232139529495406
RE1,PHL_TRA_RAILF_ELE,2026,2.3232139529495406
RE1,PHL_TRA_RAILF_ELE,2027,2.3232139529495406
RE1,PHL_TRA_RAILF_ELE,2028,2.3232139529495406
RE1,PHL_TRA_RAILF_ELE,2029,2.3232139529495406
RE1,PHL_TRA_RAILF_ELE,2030,2.3232139529495406
RE1,PHL_TRA_RAILF_ELE,2031,2.3232139529495406
RE1,PHL_TRA_RAILF_ELE,2032,2.3232139529495406
RE1,PHL_TRA_RAILF_ELE,2033,2.3232139529495406
RE1,PHL_TRA_RAILF_ELE,2034,2.3232139529495406
RE1,PHL_TRA_RAILF_ELE,2035,2.3232139529495406
RE1,PHL_TRA_RAILF_ELE,2036,2.3232139529495406
RE1,PHL_TRA_RAILF_ELE,2037,2.3232139529495406
RE1,PHL_TRA_RAILF_ELE,2038,2.3232139529495406
RE1,PHL_TRA_RAILF_ELE,2039,2.3232139529495406
RE1,PHL_TRA_RAILF_LIQ,2022,1.2227441857629162
RE1,PHL_TRA_RAILF_LIQ,2023,1.2227441857629162
RE1,PHL_TRA_RAILF_LIQ,2024,2.4454883715258324
RE1,PHL_TRA_RAILF_LIQ,2025,2.616328660730395
RE1,PHL_TRA_RAILF_LIQ,2026,3.8390728464933113
RE1,PHL_TRA_RAILF_LIQ,2027,5.0618170322562275
RE1,PHL_TRA_RAILF_LIQ,2028,5.0618170322562275
RE1,PHL_TRA_RAILF_LIQ,2029,6.398291711597417
RE1,PHL_TRA_RAILF_LIQ,2030,8.11118818852572
RE1,PHL_TRA_RAILF_LIQ,2031,8.84378008312325
RE1,PHL_TRA_RAILF_LIQ,2032,8.84378008312325
RE1,PHL_TRA_RAILF_LIQ,2033,10.066524268886166
RE1,PHL_TRA_RAILF_LIQ,2034,11.289268454649081
RE1,PHL_TRA_RAILF_LIQ,2035,12.512012640411998
RE1,PHL_TRA_RAILF_LIQ,2036,13.734756826174914
RE1,PHL_TRA_RAILF_LIQ,2037,14.95750101193783
RE1,PHL_TRA_RAILF_LIQ,2038,16.180245197700746
RE1,PHL_TRA_RAILF_LIQ,2039,18.62573356922658
RE1,PHL_TRA_RAILF_LIQ,2040,22.009387701581332
RE1,PHL_TRA_RAILF_LIQ,2041,23.23213188734425
RE1,PHL_TRA_RAILF_LIQ,2042,25.67762025887008
RE1,PHL_TRA_RAILF_LIQ,2043,28.12310863039591
RE1,PHL_TRA_RAILF_LIQ,2044,29.34585281615883
RE1,PHL_TRA_RAILF_LIQ,2045,31.79134118768466
RE1,PHL_TRA_RAILF_LIQ,2046,34.23682955921049
RE1,PHL_TRA_RAILF_LIQ,2047,36.682317930736325
RE1,PHL_TRA_RAILF_LIQ,2048,39.12780630226216
RE1,PHL_TRA_RAILF_LIQ,2049,41.57329467378799
RE1,PHL_TRA_RAILF_LIQ,2050,44.018783045313825
RE1,PHL_TRA_RAILF_LIQ,2051,47.68701560260257
RE1,PHL_TRA_RAILF_LIQ,2052,50.132503974128404
RE1,PHL_TRA_RAILF_LIQ,2053,53.80073653141715
RE1,PHL_TRA_RAILP_ELE,2020,2.3232139529495406
RE1,PHL_TRA_RAILP_ELE,2021,2.3232139529495406
RE1,PHL_TRA_RAILP_ELE,2022,2.3232139529495406
RE1,PHL_TRA_RAILP_ELE,2023,2.3232139529495406
RE1,PHL_TRA_RAILP_ELE,2024,2.3232139529495406
RE1,PHL_TRA_RAILP_ELE,2025,2.3232139529495406
RE1,PHL_TRA_RAILP_ELE,2026,2.3232139529495406
RE1,PHL_TRA_RAILP_ELE,2027,2.3232139529495406
RE1,PHL_TRA_RAILP_ELE,2028,2.3232139529495406
RE1,PHL_TRA_RAILP_ELE,2029,2.3232139529495406
RE1,PHL_TRA_RAILP_ELE,2030,2.3232139529495406
RE1,PHL_TRA_RAILP_ELE,2031,2.3232139529495406
RE1,PHL_TRA_RAILP_ELE,2032,2.3232139529495406
RE1,PHL_TRA_RAILP_ELE,2033,2.3232139529495406
RE1,PHL_TRA_RAILP_ELE,2034,2.3232139529495406
RE1,PHL_TRA_RAILP_ELE,2035,2.3232139529495406
RE1,PHL_TRA_RAILP_ELE,2036,2.3232139529495406
RE1,PHL_TRA_RAILP_ELE,2037,2.3232139529495406
RE1,PHL_TRA_RAILP_ELE,2038,2.3232139529495406
RE1,PHL_TRA_RAILP_ELE,2039,2.3232139529495406
RE1,PHL_TRA_RAILP_LIQ,2022,1.2227441857629162
RE1,PHL_TRA_RAILP_LIQ,2023,1.2227441857629162
RE1,PHL_TRA_RAILP_LIQ,2024,2.4454883715258324
RE1,PHL_TRA_RAILP_LIQ,2025,2.616328660730395
RE1,PHL_TRA_RAILP_LIQ,2026,3.8390728464933113
RE1,PHL_TRA_RAILP_LIQ,2027,3.8390728464933113
RE1,PHL_TRA_RAILP_LIQ,2028,5.0618170322562275
RE1,PHL_TRA_RAILP_LIQ,2029,5.1755475258345
RE1,PHL_TRA_RAILP_LIQ,2030,6.888444002762804
RE1,PHL_TRA_RAILP_LIQ,2031,7.621035897360333
RE1,PHL_TRA_RAILP_LIQ,2032,7.621035897360333
RE1,PHL_TRA_RAILP_LIQ,2033,8.84378008312325
RE1,PHL_TRA_RAILP_LIQ,2034,10.066524268886166
RE1,PHL_TRA_RAILP_LIQ,2035,11.289268454649081
RE1,PHL_TRA_RAILP_LIQ,2036,12.512012640411998
RE1,PHL_TRA_RAILP_LIQ,2037,13.734756826174914
RE1,PHL_TRA_RAILP_LIQ,2038,14.95750101193783
RE1,PHL_TRA_RAILP_LIQ,2039,16.180245197700746
RE1,PHL_TRA_RAILP_LIQ,2040,19.5638993300555
RE1,PHL_TRA_RAILP_LIQ,2041,22.009387701581332
RE1,PHL_TRA_RAILP_LIQ,2042,23.23213188734425
RE1,PHL_TRA_RAILP_LIQ,2043,24.45487607310716
RE1,PHL_TRA_RAILP_LIQ,2044,26.900364444632995
RE1,PHL_TRA_RAILP_LIQ,2045,28.12310863039591
RE1,PHL_TRA_RAILP_LIQ,2046,30.568597001921745
RE1,PHL_TRA_RAILP_LIQ,2047,33.01408537344758
RE1,PHL_TRA_RAILP_LIQ,2048,35.45957374497341
RE1,PHL_TRA_RAILP_LIQ,2049,37.90506211649924
RE1,PHL_TRA_RAILP_LIQ,2050,40.35055048802507
RE1,PHL_TRA_RAILP_LIQ,2051,42.796038859550904
RE1,PHL_TRA_RAILP_LIQ,2052,45.24152723107674
RE1,PHL_TRA_RAILP_LIQ,2053,48.90975978836549
RE1,PHL_TRA_SHIP_LIQ,2021,1602006.265250534
RE1,PHL_TRA_SHIP_LIQ,2022,3204412.367849813
RE1,PHL_TRA_SHIP_LIQ,2023,4806787.9018444475
RE1,PHL_TRA_SHIP_LIQ,2024,6407561.0295836385
RE1,PHL_TRA_SHIP_LIQ,2025,8004007.706286044
RE1,PHL_TRA_SHIP_LIQ,2026,9725532.477561183
RE1,PHL_TRA_SHIP_LIQ,2027,11437407.351722281
RE1,PHL_TRA_SHIP_LIQ,2028,13132163.501596652
RE1,PHL_TRA_SHIP_LIQ,2029,14805349.985505097
RE1,PHL_TRA_SHIP_LIQ,2030,16544764.497697597
RE1,PHL_TRA_SHIP_LIQ,2031,18362006.67731391
RE1,PHL_TRA_SHIP_LIQ,2032,20179218.288325578
RE1,PHL_TRA_SHIP_LIQ,2033,21978288.043853078
RE1,PHL_TRA_SHIP_LIQ,2034,23741646.485534213
RE1,PHL_TRA_SHIP_LIQ,2035,25463817.9356406
RE1,PHL_TRA_SHIP_LIQ,2036,27229196.350716613
RE1,PHL_TRA_SHIP_LIQ,2037,28931498.437068883
RE1,PHL_TRA_SHIP_LIQ,2038,30565708.498047415
RE1,PHL_TRA_SHIP_LIQ,2039,32602490.193034317
RE1,PHL_TRA_SHIP_LIQ,2040,32602490.193034317
RE1,PHL_TRA_SHIP_LIQ,2041,33952430.11345669
RE1,PHL_TRA_SHIP_LIQ,2042,35007162.905110314
RE1,PHL_TRA_SHIP_LIQ,2043,35796162.81659302
RE1,PHL_TRA_SHIP_LIQ,2044,36347627.62799419
RE1,PHL_TRA_SHIP_LIQ,2045,36688215.14952275
RE1,PHL_TRA_SHIP_LIQ,2046,36842619.769911356
RE1,PHL_TRA_SHIP_LIQ,2047,36820689.62367516
RE1,PHL_TRA_SHIP_LIQ,2048,36646898.39422128
RE1,PHL_TRA_SHIP_LIQ,2049,37711435.53086392
RE1,PHL_TRA_SHIP_LIQ,2050,35972021.018671416
RE1,PHL_TRA_SHIP_LIQ,2051,34154778.839055106
RE1,PHL_TRA_SHIP_LIQ,2052,32337567.228043437
RE1,PHL_TRA_SHIP_LIQ,2053,30538497.472515933
RE1,PHL_TRA_TRUH_LIQ,2020,24.962268368643308
RE1,PHL_TRA_TRUH_LIQ,2021,91.31743173032879
RE1,PHL_TRA_TRUH_LIQ,2022,158.8924169095308
RE1,PHL_TRA_TRUH_LIQ,2023,227.59307455261518
RE1,PHL_TRA_TRUH_LIQ,2024,297.3336233217858
RE1,PHL_TRA_TRUH_LIQ,2025,368.03571399857657
RE1,PHL_TRA_TRUH_LIQ,2026,446.9795937657474
RE1,PHL_TRA_TRUH_LIQ,2027,520.9841237281197
RE1,PHL_TRA_TRUH_LIQ,2028,601.6061393381481
RE1,PHL_TRA_TRUH_LIQ,2029,683.0085550041794
RE1,PHL_TRA_TRUH_LIQ,2030,769.2330489723486
RE1,PHL_TRA_TRUH_LIQ,2031,864.3115918563826
RE1,PHL_TRA_TRUH_LIQ,2032,959.6484880539608
RE1,PHL_TRA_TRUH_LIQ,2033,1055.3092227942896
RE1,PHL_TRA_TRUH_LIQ,2034,1106.9737104212552
RE1,PHL_TRA_TRUH_LIQ,2035,1164.4692003125706
RE1,PHL_TRA_TRUH_LIQ,2036,1241.4644884969248
RE1,PHL_TRA_TRUH_LIQ,2037,1317.5567741827012
RE1,PHL_TRA_TRUH_LIQ,2038,1392.97844414307
RE1,PHL_TRA_TRUH_LIQ,2039,1467.7143772266038
RE1,PHL_TRA_TRUH_LIQ,2040,1542.7188208534326
RE1,PHL_TRA_TRUH_LIQ,2041,1628.8011319560026
RE1,PHL_TRA_TRUH_LIQ,2042,1713.5897679960115
RE1,PHL_TRA_TRUH_LIQ,2043,1798.5765571829927
RE1,PHL_TRA_TRUH_LIQ,2044,1883.0658990249517
RE1,PHL_TRA_TRUH_LIQ,2045,1962.9878181695638
RE1,PHL_TRA_TRUH_LIQ,2046,2049.908151191583
RE1,PHL_TRA_TRUH_LIQ,2047,2136.7138735931703
RE1,PHL_TRA_TRUH_LIQ,2048,2223.4807287633002
RE1,PHL_TRA_TRUH_LIQ,2049,2308.3841681083154
RE1,PHL_TRA_TRUH_LIQ,2050,2395.7723851562446
RE1,PHL_TRA_TRUH_LIQ,2051,2486.1155944988127
RE1,PHL_TRA_TRUH_LIQ,2052,2576.141984522442
RE1,PHL_TRA_TRUH_LIQ,2053,2665.796126297661
RE1,PHL_TRA_TRUL_LIQ,2021,173.67996710830585
RE1,PHL_TRA_TRUL_LIQ,2022,349.4316604184489
RE1,PHL_TRA_TRUL_LIQ,2023,523.8777322223675
RE1,PHL_TRA_TRUL_LIQ,2024,700.2970408838188
RE1,PHL_TRA_TRUL_LIQ,2025,875.4270603506593
RE1,PHL_TRA_TRUL_LIQ,2026,1070.0536116482158
RE1,PHL_TRA_TRUL_LIQ,2027,1265.0144248064964
RE1,PHL_TRA_TRUL_LIQ,2028,1458.7169709867765
RE1,PHL_TRA_TRUL_LIQ,2029,1654.2965493688193
RE1,PHL_TRA_TRUL_LIQ,2030,1849.3856354014597
RE1,PHL_TRA_TRUL_LIQ,2031,2065.121011300601
RE1,PHL_TRA_TRUL_LIQ,2032,2279.509393562581
RE1,PHL_TRA_TRUL_LIQ,2033,2495.7794141052173
RE1,PHL_TRA_TRUL_LIQ,2034,2609.739292848574
RE1,PHL_TRA_TRUL_LIQ,2035,2723.748443790452
RE1,PHL_TRA_TRUL_LIQ,2036,2867.9538367967357
RE1,PHL_TRA_TRUL_LIQ,2037,3012.0238826521127
RE1,PHL_TRA_TRUL_LIQ,2038,3155.991741454432
RE1,PHL_TRA_TRUL_LIQ,2039,3299.821885838206
RE1,PHL_TRA_TRUL_LIQ,2040,3444.3757901883246
RE1,PHL_TRA_TRUL_LIQ,2041,3612.2873866946825
RE1,PHL_TRA_TRUL_LIQ,2042,3779.9972057489626
RE1,PHL_TRA_TRUL_LIQ,2043,3947.5889917377376
RE1,PHL_TRA_TRUL_LIQ,2044,4115.068405917336
RE1,PHL_TRA_TRUL_LIQ,2045,4281.508332690911
RE1,PHL_TRA_TRUL_LIQ,2046,4462.5903695107945
RE1,PHL_TRA_TRUL_LIQ,2047,4643.591818300957
RE1,PHL_TRA_TRUL_LIQ,2048,4824.494401553121
RE1,PHL_TRA_TRUL_LIQ,2049,5004.1387820554755
RE1,PHL_TRA_TRUL_LIQ,2050,5184.281894466688
RE1,PHL_TRA_TRUL_LIQ,2051,5368.596224211317
RE1,PHL_TRA_TRUL_LIQ,2052,5552.601414493649
RE1,PHL_TRA_TRUL_LIQ,2053,5736.338534654572
RE1,PHL_TRA_VAN_LIQ,2021,23.256165736011106
RE1,PHL_TRA_VAN_LIQ,2022,48.18169557897942
RE1,PHL_TRA_VAN_LIQ,2023,71.54047961447831
RE1,PHL_TRA_VAN_LIQ,2024,96.56893054698119
RE1,PHL_TRA_VAN_LIQ,2025,120.01930398390061
RE1,PHL_TRA_VAN_LIQ,2026,147.57016116422085
RE1,PHL_TRA_VAN_LIQ,2027,173.51267101973636
RE1,PHL_TRA_VAN_LIQ,2028,201.15577823430644
RE1,PHL_TRA_VAN_LIQ,2029,227.18061945617603
RE1,PHL_TRA_VAN_LIQ,2030,255.00569431340006
RE1,PHL_TRA_VAN_LIQ,2031,283.8201310607233
RE1,PHL_TRA_VAN_LIQ,2032,314.29306817514384
RE1,PHL_TRA_VAN_LIQ,2033,343.1710174286415
RE1,PHL_TRA_VAN_LIQ,2034,358.8486419085425
RE1,PHL_TRA_VAN_LIQ,2035,374.51675144061005
RE1,PHL_TRA_VAN_LIQ,2036,394.335993232993
RE1,PHL_TRA_VAN_LIQ,2037,414.1572444502318
RE1,PHL_TRA_VAN_LIQ,2038,433.9455099032844
RE1,PHL_TRA_VAN_LIQ,2039,453.7320044933362
RE1,PHL_TRA_VAN_LIQ,2040,473.60077539700626
RE1,PHL_TRA_VAN_LIQ,2041,496.6989673077061
RE1,PHL_TRA_VAN_LIQ,2042,519.7397942677266
RE1,PHL_TRA_VAN_LIQ,2043,542.7967516793296
RE1,PHL_TRA_VAN_LIQ,2044,565.82428340366
RE1,PHL_TRA_VAN_LIQ,2045,588.7159358006376
RE1,PHL_TRA_VAN_LIQ,2046,613.603240694065
RE1,PHL_TRA_VAN_LIQ,2047,638.495326000049
RE1,PHL_TRA_VAN_LIQ,2048,663.3756758978565
RE1,PHL_TRA_VAN_LIQ,2049,688.068635458536
RE1,PHL_TRA_VAN_LIQ,2050,712.838210076505
RE1,PHL_TRA_VAN_LIQ,2051,738.1823609223194
RE1,PHL_TRA_VAN_LIQ,2052,763.483075159606
RE1,PHL_TRA_VAN_LIQ,2053,788.732388492589
