Sum of AnnualFixedOperatingCost,Column Labels,,,,,,,,,,,,,,,,,,,,,,,,,,,,,,,,,,,
Row Labels,2020,2021,2022,2023,2024,2025,2026,2027,2028,2029,2030,2031,2032,2033,2034,2035,2036,2037,2038,2039,2040,2041,2042,2043,2044,2045,2046,2047,2048,2049,2050,2051,2052,2053,(blank),Grand Total
PHL_AGR_FAC,0,0,0,0,0,0,0,0,0,0,0,0,0,0,0,0,0,0,0,0,0,0,0,0,0,0,0,0,0,0,0,0,0,0,,0
PHL_AGR_HEAT_BIOM,0.1835,0.1825,0.182,0.181,0.1805,0.1799,0.1789,0.1784,0.1774,0.1769,0.1759,0.1753,0.1748,0.1738,0.1733,0.1723,0.1719,0.1714,0.1705,0.1701,0.1688,0.1682,0.1673,0.1669,0.1665,0,0,0,0,0,0,0,0,0,,4.368
PHL_AGR_HEAT_COAL,0,0,0,0,0,0,0,0,0,0,0,0,0,0,0,0,0,0,0,0,0,0,0,0,0,0,0,0,0,0,0,0,0,0,,0
PHL_AGR_HEAT_ELE,0,0,0,0,0,0,0,0,0,0,0,0,0,0,0,0,0,0,0,0,0,0,0,0,0,0,0,0,0,0,0,0,0,0,,0
PHL_AGR_HEAT_NG,2.4405,2.5553,2.6389,2.7214,2.8028,2.8833,2.9682,3.0524,3.1358,3.2185,3.396,3.4797,3.5634,3.6471,3.7308,3.8145,3.914,4.0135,4.1129,4.2124,4.2799,4.2759,4.2719,4.2677,4.2677,3.0437,2.9389,2.8669,2.7948,2.7228,5.8518,5.9963,6.1409,6.2854,,126.306
PHL_AGR_HEAT_OIL,0.4512,0.4548,0.458,0.4608,0.4633,0.4654,0.4673,0.4688,0.4702,0.4714,0.487,0.4863,0.4856,0.4849,0.4842,0.4835,0.4828,0.4822,0.4815,0.4808,0.4801,0.4794,0.478,0.478,0.478,0,0,0,0,0,0,0,0,0,,11.8635
PHL_AGR_MOT_ELE,0,0,0,0,0,0,0,0,0,0,0,0,0,0,0,0,0,0,0,0,0,0,0,0,0,0,0,0,0,0,0,0,0,0,,0
PHL_AGR_MOT_LIQ,258.9921,264.8225,270.6529,276.4833,282.3137,288.144,294.4654,300.7868,307.1081,313.4295,319.7508,326.9326,334.1143,341.296,348.4777,355.6594,364.2035,372.7475,381.2916,389.8356,398.3797,408.3247,418.2698,428.2148,438.1599,448.105,459.4445,470.784,482.1235,493.463,504.8025,517.2698,529.737,542.2043,,12930.7898
PHL_AGR_UNIT,0,0,0,0,0,0,0,0,0,0,0,0,0,0,0,0,0,0,0,0,0,0,0,0,0,0,0,0,0,0,0,0,0,0,,0
PHL_DEM_PUB_GWT_WAT,0,0,0,0,0,0,0,0,0,0,0,0,0,0,0,0,0,0,0,0,0,0,0,0,0,0,0,0,0,0,0,0,0,0,,0
PHL_DEM_PUB_SUR_WAT,0,0,0,0,0,0,0,0,0,0,0,0,0,0,0,0,0,0,0,0,0,0,0,0,0,0,0,0,0,0,0,0,0,0,,0
PHL_DEM_PWR_GWT_WAT,0,0,0,0,0,0,0,0,0,0,0,0,0,0,0,0,0,0,0,0,0,0,0,0,0,0,0,0,0,0,0,0,0,0,,0
PHL_DEM_PWR_SUR_WAT,0,0,0,0,0,0,0,0,0,0,0,0,0,0,0,0,0,0,0,0,0,0,0,0,0,0,0,0,0,0,0,0,0,0,,0
PHL_HOU_COOK_BIOM,0,0,0,0,0,0,0,0,0,0,0,0,0,0,0,0,0,0,0,0,0,0,0,0,0,0,0,0,0,0,0,0,0,0,,0
PHL_HOU_COOK_COAL,0,0,0,0,0,0,0,0,0,0,0,0,0,0,0,0,0,0,0,0,0,0,0,0,0,0,0,0,0,0,0,0,0,0,,0
PHL_HOU_COOK_ELE,0,0,0,0,0,0,0,0,0,0,0,0,0,0,0,0,0,0,0,0,0,0,0,0,0,0,0,0,0,0,0,0,0,0,,0
PHL_HOU_COOK_NG,0,0,0,0,0,0,0,0,0,0,0,0,0,0,0,0,0,0,0,0,0,0,0,0,0,0,0,0,0,0,0,0,0,0,,0
PHL_HOU_COOK_OIL,0,0,0,0,0,0,0,0,0,0,0,0,0,0,0,0,0,0,0,0,0,0,0,0,0,0,0,0,0,0,0,0,0,0,,0
PHL_HOU_UNIT,0,0,0,0,0,0,0,0,0,0,0,0,0,0,0,0,0,0,0,0,0,0,0,0,0,0,0,0,0,0,0,0,0,0,,0
PHL_INDU_OTHHPH_BIOM,21.7385,21.6369,21.5356,21.4344,21.3336,21.2331,21.1332,21.0339,20.9355,20.8381,20.7326,20.6332,20.5341,20.4358,20.3388,20.2436,20.1505,20.0596,19.9711,19.8851,19.7488,19.6516,19.5609,19.4745,19.4293,0,0,0,0,0,0,0,0,0,,513.7023
PHL_INDU_OTHHPH_BIOM_CCS,0,0,0,0,0,0,0,0,0,0,0,0,0,0,0,0,0,0,0,0,0,0,0,0,0,0,0,0,0,0,0,0,0,0,,0
PHL_INDU_OTHHPH_COAL,48.5007,139.297,138.7614,144.4906,147.0637,149.6218,152.4198,155.2032,157.9735,160.7318,163.2323,166.3866,169.5184,172.6331,175.7353,178.8292,182.6014,186.3681,190.1323,193.8964,197.1338,201.4156,205.7318,210.0802,214.459,218.8663,223.98,229.1162,234.2737,239.4512,241.8911,247.8651,253.8392,259.8132,,6351.313
PHL_INDU_OTHHPH_COAL_CCS,0,0,0,0,0,0,0,0,0,0,0,0,0,0,0,0,0,0,0,0,0,0,0,0,0,0,0,0,0,0,0,0,0,0,,0
PHL_INDU_OTHHPH_H2,0,0,0,0,0,0,0,0,0,0,0,0,0,0,0,0,0,0,0,0,0,0,0,0,0,0,0,0,0,0,0,0,0,0,,0
PHL_INDU_OTHHPH_NG,0.1769,0.1785,0.1799,0.1811,0.1823,0.1833,0.1842,0.185,0.1858,0.1864,0.1925,0.1925,0.1925,0.1925,0.1925,0.1925,0.1925,0.1925,0.1925,0.1925,0.1925,0.1925,0.1925,0.1925,0.1925,0,0,0,0,0,0,0,0,0,,4.7109
PHL_INDU_OTHHPH_NG_CCS,0,0,0,0,0,0,0,0,0,0,0,0,0,0,0,0,0,0,0,0,0,0,0,0,0,0,0,0,0,0,0,0,0,0,,0
PHL_INDU_OTHHPH_OIL,18.9017,19.0371,19.154,19.2541,19.3393,19.4109,19.4705,19.5192,19.5581,19.5883,20.2198,20.1729,20.1259,20.0789,20.0319,19.9849,19.938,19.891,19.844,19.797,19.75,19.7031,19.6561,19.6091,19.6072,0,0,0,0,0,0,0,0,0,,491.643
PHL_INDU_OTHLPH_BIOM,21.7385,21.6369,21.5356,21.4344,21.3336,21.2331,21.1332,21.0339,20.9355,20.8381,20.7326,20.6332,20.5341,20.4358,20.3388,20.2436,20.1505,20.0596,19.9711,19.8851,19.7488,19.6516,19.5609,19.4745,19.4293,0,0,0,0,0,0,0,0,0,,513.7023
PHL_INDU_OTHLPH_COAL,48.5007,72.5705,92.5485,106.2223,123.0357,139.8179,152.4198,155.2032,157.9735,160.7318,163.2323,166.3866,169.5184,172.6331,175.7353,178.8292,182.6014,186.3681,190.1323,193.8964,197.1338,201.4156,205.7318,210.0802,214.459,218.8663,223.98,229.1162,234.2737,239.4512,241.8911,247.8651,253.8392,259.8132,,6166.2734
PHL_INDU_OTHLPH_ELE,0,0,0,0,0,0,0,0,0,0,0,0,0,0,0,0,0,0,0,0,0,0,0,0,0,0,0,0,0,0,0,0,0,0,,0
PHL_INDU_OTHLPH_H2,0,0,0,0,0,0,0,0,0,0,0,0,0,0,0,0,0,0,0,0,0,0,0,0,0,0,0,0,0,0,0,0,0,0,,0
PHL_INDU_OTHLPH_NG,0.1769,0.1779,0.1786,0.1792,0.1797,0.1801,0.1803,0.1805,0.1805,0.1805,0.1857,0.185,0.1843,0.1836,0.183,0.1823,0.1816,0.1809,0.1803,0.1796,0.1789,0.1782,0.1768,0.1768,0.1768,0,0,0,0,0,0,0,0,0,,4.508
PHL_INDU_OTHLPH_OIL,18.9017,19.0257,19.131,19.2194,19.2926,19.3523,19.3997,19.4362,19.4629,19.4807,20.0962,20.0369,19.9775,19.9182,19.8588,19.7995,19.7402,19.6808,19.6215,19.6185,0,0,0,0,0,0,0,0,0,0,0,0,0,0,,391.0503
PHL_INDU_PLANT_OTH,0,0,0,0,0,0,0,0,0,0,0,0,0,0,0,0,0,0,0,0,0,0,0,0,0,0,0,0,0,0,0,0,0,0,,0
PHL_LND,0,0,0,0,0,0,0,0,0,0,0,0,0,0,0,0,0,0,0,0,0,0,0,0,0,0,0,0,0,0,0,0,0,0,,0
PHL_LND_BLT,0,0,0,0,0,0,0,0,0,0,0,0,0,0,0,0,0,0,0,0,0,0,0,0,0,0,0,0,0,0,0,0,0,0,,0
PHL_LND_CRP,0,0,0,0,0,0,0,0,0,0,0,0,0,0,0,0,0,0,0,0,0,0,0,0,0,0,0,0,0,0,0,0,0,0,,0
PHL_LND_FOR,0,0,0,0,0,0,0,0,0,0,0,0,0,0,0,0,0,0,0,0,0,0,0,0,0,0,0,0,0,0,0,0,0,0,,0
PHL_LND_GRS,0,0,0,0,0,0,0,0,0,0,0,0,0,0,0,0,0,0,0,0,0,0,0,0,0,0,0,0,0,0,0,0,0,0,,0
PHL_LND_OTH,0,0,0,0,0,0,0,0,0,0,0,0,0,0,0,0,0,0,0,0,0,0,0,0,0,0,0,0,0,0,0,0,0,0,,0
PHL_LND_WAT,0,0,0,0,0,0,0,0,0,0,0,0,0,0,0,0,0,0,0,0,0,0,0,0,0,0,0,0,0,0,0,0,0,0,,0
PHL_MIN_PRC,0,0,0,0,0,0,0,0,0,0,0,0,0,0,0,0,0,0,0,0,0,0,0,0,0,0,0,0,0,0,0,0,0,0,,0
PHL_POW_BH2_NG,0,0,0,0,0,0,0,0,0,0,0,0,0,0,0,0,0,0,0,0,0,0,0,0,0,0,0,0,0,0,0,0,0,0,,0
PHL_POW_CHP_BIOM_OLD,44.748,44.748,52.128,52.668,53.559,53.559,53.559,53.559,53.559,53.559,53.559,53.559,53.559,53.559,53.559,53.559,53.559,53.559,53.559,53.559,53.559,53.559,53.559,53.559,53.559,53.559,53.559,53.559,53.559,50.274,45.693,45.693,43.911,43.776,,1762.614
PHL_POW_CHP_COAL_OLD,491.0355,491.0355,491.0355,491.0355,464.0355,464.0355,464.0355,464.0355,464.0355,464.0355,464.0355,464.0355,464.0355,464.0355,464.0355,464.0355,429.6555,429.6555,397.971,339.741,315.513,315.513,315.513,315.513,315.513,315.513,302.733,302.733,302.733,302.733,286.461,273.9555,273.9555,244.6335,,13312.6065
PHL_POW_CHP_NG_OLD,82.0952,82.0952,82.0952,82.0952,82.0952,82.0952,82.0952,82.0952,82.0952,82.0952,82.0952,57.1494,12.6434,12.6434,12.6434,12.6434,12.6434,12.6434,12.6434,12.6434,12.6434,12.6434,12.6214,12.6214,12.6214,12.6214,0,0,0,0,0,0,0,0,,1137.1162
PHL_POW_CHP_OIL_OLD,58.4034,62.359,64.4996,64.4996,64.746,64.746,64.746,64.746,64.746,64.064,64.064,64.064,64.064,63.5734,33.8184,32.9934,32.4302,27.6738,24.7632,24.7632,24.7632,24.7632,24.7632,24.7632,24.7632,22.7766,22.5016,22.5016,21.7338,21.4918,21.4918,21.4918,20.8186,12.0076,,1380.3944
PHL_POW_DAC,0,0,0,0,0,0,0,0,0,0,0,0,0,0,0,0,0,0,0,0,0,0,0,0,0,0,0,0,0,0,0,0,0,0,,0
PHL_POW_ELEC,0,0,0,0,0,0,0,0,0,0,0,0,0,0,0,0,0,0,0,0,0,0,0,0,0,0,0,0,0,0,0,0,0,0,,0
PHL_POW_GEO_OLD,144.394,144.394,144.8195,108.537,108.537,112.6425,112.6425,112.6425,112.6425,112.6425,112.6425,112.6425,112.6425,96.5425,96.5425,96.5425,84.065,13.892,13.892,13.892,13.892,13.892,13.892,13.892,13.892,13.892,13.892,13.892,13.892,13.892,13.892,13.892,13.892,13.892,,2161.678
PHL_POW_GH2_COAL,0,0,0,0,0,0,0,0,0,0,0,0,0,0,0,0,0,0,0,0,0,0,0,0,0,0,0,0,0,0,0,0,0,0,,0
PHL_POW_GH2_NG,0,0,0,0,0,0,0,0,0,0,0,0,0,0,0,0,0,0,0,0,0,0,0,0,0,0,0,0,0,0,0,0,0,0,,0
PHL_POW_PP_BIOM_CCS,0,0,0,0,0,0,0,0,0,0,0,0,0,0,0,0,0,0,0,0,0,0,0,0,0,0,0,0,0,0,0,0,0,0,,0
PHL_POW_PP_COAL,0,32.877,67.7675,76.5999,103.8085,109.7103,179.896,227.6073,233.1525,242.7104,291.4169,388.987,479.388,573.6358,657.4286,746.7536,854.2095,950.0177,980.616,980.616,980.616,980.616,980.616,980.616,980.616,980.616,947.739,912.8486,904.0161,876.8076,870.9058,800.72,753.0088,747.4635,,20874.4039
PHL_POW_PP_COAL_CCS,0,0,0,0,0,0,0,0,0,0,0,0,0,0,0,0,0,0,0,0,0,0,0,0,0,0,0,0,0,0,0,0,0,0,,0
PHL_POW_PP_H2,0,0,0,0,0,0,0,0,0,0,0,0,0,0,0,0,0,0,0,0,0,0,0,0,0,0,0,0,0,0,0,0,0,0,,0
PHL_POW_PP_HY_LA,191.6825,191.6825,192.2768,194.0261,195.3418,195.3418,195.3418,195.3418,195.3418,195.3418,195.3418,195.3418,195.3418,195.3418,195.3418,195.3418,195.3418,195.3418,195.3418,195.3418,195.3418,195.3418,195.3418,195.3418,195.3418,195.3418,195.3418,194.4896,194.4896,194.4896,194.4896,194.4896,194.4896,194.4896,,6623.9565
PHL_POW_PP_NGCC,0,0,0,0,0,19.0192,19.0192,19.0192,19.0192,19.0192,19.0192,19.0192,19.0192,19.0192,19.0192,19.0192,19.0192,19.0192,47.2225,87.6074,87.6074,87.6074,87.6074,87.6074,87.6074,87.6074,87.6074,87.6074,87.6074,87.6074,143.9721,159.4119,159.4119,160.1611,,1881.1105
PHL_POW_PP_NGCC_CCS,0,0,0,0,0,0,0,0,0,0,0,0,0,0,0,0,0,0,0,0,0,0,0,0,0,0,0,0,0,0,0,0,0,0,,0
PHL_POW_PP_NU,0,0,0,0,0,0,0,0,0,0,0,0,0,0,0,0,0,0,0,0,0,0,0,0,0,0,0,0,0,0,0,0,0,0,,0
PHL_POW_PP_NUSMR,0,0,0,0,0,0,0,0,0,0,0,0,0,0,0,0,0,0,0,0,0,0,0,0,0,0,0,66.9255,139.4378,338.1285,2717.0314,3135.2472,3667.3669,3956.6322,,14020.7695
PHL_POW_PP_SPV_T1,13.2078,16.7087,19.9708,21.1633,32.3244,34.3734,33.2382,32.1833,93.5884,157.3301,198.0889,210.0546,221.3172,238.6934,249.8047,259.215,277.9003,318.4512,326.8309,322.4771,336.0696,330.3357,361.3986,377.5402,417.5836,439.7775,439.6824,434.7892,445.1401,441.938,423.8343,422.0578,420.2667,434.1228,,8801.4582
PHL_POW_PP_WOF_T1,0,0,0,0,0,0,0,0,0,0,0,0,0,0,0,0,0,0,0,0,0,0,0,0,0,0,0,0,0,0,0,0,0,0,,0
PHL_POW_PP_WON_T1,27.774,27.5809,27.386,27.1898,26.9925,26.7947,26.597,26.4001,26.2044,26.0108,24.5621,24.3627,24.1639,23.9676,23.7753,23.5882,23.4071,23.2327,44.0418,199.5811,1050.6751,1041.6862,1033.5961,1026.3151,1019.7621,1005.6377,1153.8916,1215.5966,1313.5564,1308.471,1611.6749,1611.6749,1635.8937,1656.5752,,18388.6193
PHL_POW_SYNTH,0,0,0,0,0,0,0,0,0,0,0,0,0,0,0,0,0,0,0,0,0,0,0,0,0,0,0,0,0,0,0,0,0,0,,0
PHL_POW_TD,0,0,0,0,0,0,0,0,0,0,0,0,0,0,0,0,0,0,0,0,0,0,0,0,0,0,0,0,0,0,0,0,0,0,,0
PHL_POW_TD_AGR,0,0,0,0,0,0,0,0,0,0,0,0,0,0,0,0,0,0,0,0,0,0,0,0,0,0,0,0,0,0,0,0,0,0,,0
PHL_POW_TD_HOU,0,0,0,0,0,0,0,0,0,0,0,0,0,0,0,0,0,0,0,0,0,0,0,0,0,0,0,0,0,0,0,0,0,0,,0
PHL_POW_TD_INDU,0,0,0,0,0,0,0,0,0,0,0,0,0,0,0,0,0,0,0,0,0,0,0,0,0,0,0,0,0,0,0,0,0,0,,0
PHL_POW_TD_SER,0,0,0,0,0,0,0,0,0,0,0,0,0,0,0,0,0,0,0,0,0,0,0,0,0,0,0,0,0,0,0,0,0,0,,0
PHL_POW_TD_TRA,0,0,0,0,0,0,0,0,0,0,0,0,0,0,0,0,0,0,0,0,0,0,0,0,0,0,0,0,0,0,0,0,0,0,,0
PHL_POW_TECH_AMMO,0,0,0,0,0,0,0,0,0,0,0,0,0,0,0,0,0,0,0,0,0,0,0,0,0,0,0,0,0,0,0,0,0,0,,0
PHL_PRO_BLEND_BIOF,0,0,0,0,0,0,0,0,0,0,0,0,0,0,0,0,0,0,0,0,0,0,0,0,0,0,0,0,0,0,0,0,0,0,,0
PHL_PRO_BLEND_OIL,0,0,0,0,0,0,0,0,0,0,0,0,0,0,0,0,0,0,0,0,0,0,0,0,0,0,0,0,0,0,0,0,0,0,,0
PHL_PRO_BLEND_SFUEL,0,0,0,0,0,0,0,0,0,0,0,0,0,0,0,0,0,0,0,0,0,0,0,0,0,0,0,0,0,0,0,0,0,0,,0
PHL_PRO_EXTR_COAL,0,0,0,0,0,0,0,0,0,0,0,0,0,0,0,0,0,0,0,0,0,0,0,0,0,0,0,0,0,0,0,0,0,0,,0
PHL_PRO_EXTR_NG,0,0,0,0,0,0,0,0,0,0,0,0,0,0,0,0,0,0,0,0,0,0,0,0,0,0,0,0,0,0,0,0,0,0,,0
PHL_PRO_EXTR_OIL,0,0,0,0,0,0,0,0,0,0,0,0,0,0,0,0,0,0,0,0,0,0,0,0,0,0,0,0,0,0,0,0,0,0,,0
PHL_PRO_IMP_COAL,0,0,0,0,0,0,0,0,0,0,0,0,0,0,0,0,0,0,0,0,0,0,0,0,0,0,0,0,0,0,0,0,0,0,,0
PHL_PRO_IMP_NG,0,0,0,0,0,0,0,0,0,0,0,0,0,0,0,0,0,0,0,0,0,0,0,0,0,0,0,0,0,0,0,0,0,0,,0
PHL_PRO_IMP_OIL,0,0,0,0,0,0,0,0,0,0,0,0,0,0,0,0,0,0,0,0,0,0,0,0,0,0,0,0,0,0,0,0,0,0,,0
PHL_PRO_IMP_UR,0,0,0,0,0,0,0,0,0,0,0,0,0,0,0,0,0,0,0,0,0,0,0,0,0,0,0,0,0,0,0,0,0,0,,0
PHL_PRO_PROC_BIOF,591.0668,599.581,608.4388,616.8275,625.6116,634.174,646.4566,658.4532,670.4795,682.0264,680.2766,679.445,695.8333,713.0857,725.3589,737.0415,751.7221,763.6212,775.1943,785.8707,795.0995,814.5865,834.4085,854.1742,874.066,894.0684,916.9555,939.8719,963.3809,989.6558,1011.1353,1040.7302,1071.7943,1103.3184,,26743.8101
PHL_PRO_PROC_BIOM,0,0,0,0,0,0,0,0,0,0,0,0,0,0,0,0,0,0,0,0,0,0,0,0,0,0,0,0,0,0,0,0,0,0,,0
PHL_PRO_PROC_COAL,0,0,0,0,0,0,0,0,0,0,0,0,0,0,0,0,0,0,0,0,0,0,0,0,0,0,0,0,0,0,0,0,0,0,,0
PHL_PRO_PROC_NG,0,0,0,0,0,0,0,0,0,0,0,0,0,0,0,0,0,0,0,0,0,0,0,0,0,0,0,0,0,0,0,0,0,0,,0
PHL_PRO_PROC_OIL,0,0,0,0,0,0,0,0,0,0,0,0,0,0,0,0,0,0,0,0,0,0,0,0,0,0,0,0,0,0,0,0,0,0,,0
PHL_PWR_GAS,0,0,0,0,0,0,0,0,0,0,0,0,0,0,0,0,0,0,0,0,0,0,0,0,0,0,0,0,0,0,0,0,0,0,,0
PHL_SER_HEAT_BIOM,0,0,0,0,0,0,0,0,0,0,0,0,0,0,0,0,0,0,0,0,0,0,0,0,0,0,0,0,0,0,0,0,0,0,,0
PHL_SER_HEAT_COAL,0,0,0,0,0,0,0,0,0,0,0,0,0,0,0,0,0,0,0,0,0,0,0,0,0,0,0,0,0,0,0,0,0,0,,0
PHL_SER_HEAT_ELE,0,0,0,0,0,0,0,0,0,0,0,0,0,0,0,0,0,0,0,0,0,0,0,0,0,0,0,0,0,0,0,0,0,0,,0
PHL_SER_HEAT_NG,0,0,0,0,0,0,0,0,0,0,0,0,0,0,0,0,0,0,0,0,0,0,0,0,0,0,0,0,0,0,0,0,0,0,,0
PHL_SER_HEAT_OIL,0,0,0,0,0,0,0,0,0,0,0,0,0,0,0,0,0,0,0,0,0,0,0,0,0,0,0,0,0,0,0,0,0,0,,0
PHL_SER_HEAT_RES,0,0,0,0,0,0,0,0,0,0,0,0,0,0,0,0,0,0,0,0,0,0,0,0,0,0,0,0,0,0,0,0,0,0,,0
PHL_SER_UNIT,0,0,0,0,0,0,0,0,0,0,0,0,0,0,0,0,0,0,0,0,0,0,0,0,0,0,0,0,0,0,0,0,0,0,,0
PHL_TRA_23WHEEL_ELE,0,8.8785,17.7569,26.6354,35.5145,44.393,53.2714,62.1499,71.0283,79.9068,88.7859,97.6644,106.5428,115.4213,122.5312,128.136,132.288,135.1907,138.1323,178.7583,161.0014,143.2444,139.4394,136.2094,133.362,131.4109,134.3285,134.0435,125.7272,125.7272,136.2983,136.9624,138.9468,140.9475,,3560.6345
PHL_TRA_23WHEEL_LIQ,19.2274,18.5309,17.8362,17.1416,16.4689,15.7522,15.0447,14.3372,13.6296,13.1259,11.8264,11.4879,10.7613,9.9713,9.9713,9.6702,8.9068,8.8153,8.7197,8.1553,8.5681,9.0704,9.5356,10.037,10.5384,11.0398,11.4943,11.9532,12.3456,12.3456,12.3758,12.4668,12.4205,12.3743,,415.9455
PHL_TRA_23WHEEL_NG,0,0,0,0,0,0,0,0,0,0,0,0,0,0,0,0,0,0,0,0,0,0,0,0,0,0,0,0,0,0,0,0,0,0,,0
PHL_TRA_AVI_LIQ,210.93,219.474,228.552,237.63,246.975,256.053,268.335,280.3499,292.6319,304.9139,316.9289,333.2159,349.7699,366.0569,382.3439,398.6309,421.8599,445.0889,468.3179,514.7759,514.7759,547.6169,580.1909,613.0319,645.8729,678.7139,723.5699,768.4258,813.2818,927.0238,902.9938,961.4668,1019.9398,1078.4128,,17318.1506
PHL_TRA_BUS_ELE,0,0,0,0,0,0,0,0,0,0,0,0,0,0,0,0,0,0,0,0,0,0,0,0,0,0,0,0,0,0,0,0,0,0,,0
PHL_TRA_BUS_H2,0,0,0,0,0,0,0,0,0,0,0,0,0,0,0,0,0,0,0,0,0,0,0,0,0,0,0,0,0,0,0,0,0,0,,0
PHL_TRA_BUS_LIQ,22.3588,22.9285,23.4863,24.0332,24.5703,25.1046,25.6059,26.0994,26.5919,27.0715,28.2947,28.675,29.0634,29.4463,29.8294,30.219,30.5684,30.9233,31.2769,31.6289,32.0381,32.3746,32.698,33.022,33.3407,33.6545,33.9302,34.1951,34.4629,34.7274,35.2686,35.473,35.6705,35.8681,,1024.4994
PHL_TRA_BUS_NG,0,0,0,0,0,0,0,0,0,0,0,0,0,0,0,0,0,0,0,0,0,0,0,0,0,0,0,0,0,0,0,0,0,0,,0
PHL_TRA_BUS_PHEV,0,0,0,0,0,0,0,0,0,0,0,0,0,0,0,0,0,0,0,0,0,0,0,0,0,0,0,0,0,0,0,0,0,0,,0
PHL_TRA_CAR_ELE,0,0,0,0,0,0,0,0,0,0,0,0,0,0,9.8897,28.117,54.3316,87.3564,120.0173,152.7713,187.4652,215.9235,247.3646,279.0452,310.686,342.2924,372.4508,402.5986,432.5927,439.0114,442.5562,454.3944,459.4254,464.5109,,5502.8006
PHL_TRA_CAR_H2,0,0,0,0,0,0,0,0,0,0,0,0,0,0,0,0,0,0,0,0,0,0,0,0,0,0,0,0,0,0,0,0,0,0,,0
PHL_TRA_CAR_LIQ,178.7206,188.1565,197.5971,207.0399,216.4825,225.9197,235.8386,245.7516,255.6606,265.5646,278.8013,288.4519,298.109,307.7644,307.9496,300.0576,284.0682,261.3462,238.8066,216.0264,193.5196,170.1545,146.9847,123.5829,100.1648,76.7292,53.5526,30.1486,6.7393,6.7403,6.7495,0,0,0,,5913.1789
PHL_TRA_CAR_NG,0,0,0,0,0,0,0,0,0,0,0,0,0,0,0,0,0,0,0,0,0,0,0,0,0,0,0,0,0,0,0,0,0,0,,0
PHL_TRA_CAR_PHEV,0,0,0,0,0,0,0,0,0,0,0,0,0,0,0,0,0,0,0,0,0,0,0,0,0,0,0,0,0,0,0,0,0,0,,0
PHL_TRA_RAILF_ELE,0.48,0.48,0.48,0.48,0.48,0.48,0.48,0.48,0.48,0.456,0.456,0.456,0.456,0.456,0.456,0.456,0.456,0.456,0.456,0.456,0,0,0,0,0,0,0,0,0,0,0,0,0,0,,9.336
PHL_TRA_RAILF_H2,0,0,0,0,0,0,0,0,0,0,0,0,0,0,0,0,0,0,0,0,0,0,0,0,0,0,0,0,0,0,0,0,0,0,,0
PHL_TRA_RAILF_LIQ,0,0,0.24,0.24,0.48,0.48,0.72,0.96,0.96,1.3196,1.56,1.704,1.704,1.944,2.184,2.424,2.664,3.1204,3.3606,3.7523,4.32,4.56,5.04,5.52,5.76,6.24,6.72,7.2,7.68,8.16,8.64,9.36,9.84,10.56,,129.4169
PHL_TRA_RAILP_ELE,0.48,0.48,0.48,0.48,0.48,0.48,0.48,0.48,0.48,0.456,0.456,0.456,0.456,0.456,0.456,0.456,0.456,0.456,0.456,0.456,0,0,0,0,0,0,0,0,0,0,0,0,0,0,,9.336
PHL_TRA_RAILP_H2,0,0,0,0,0,0,0,0,0,0,0,0,0,0,0,0,0,0,0,0,0,0,0,0,0,0,0,0,0,0,0,0,0,0,,0
PHL_TRA_RAILP_LIQ,0,0,0.24,0.24,0.48,0.48,0.72,0.72,0.96,1.0796,1.32,1.464,1.464,1.704,1.944,2.184,2.424,2.8804,3.1206,3.2723,3.84,4.32,4.56,4.8,5.28,5.52,6,6.48,6.96,7.44,7.92,8.4,8.88,9.6,,116.6969
PHL_TRA_SHIP_AMMO,0,0,0,0,0,0,0,0,0,0,0,0,0,0,0,0,0,0,0,0,0,0,0,0,0,0,0,0,0,0,0,0,0,0,,0
PHL_TRA_SHIP_LIQ,2364000,2547041.5,2730161.5,2913275.4,3096389.4,3279503.3,3489521.3,3699539.3,3909557.2,4119575.2,4329587.1,4554875.1,4780157,5005445,5230727,5456008.9,5701846.9,5947678.8,6193510.8,6685180.7,6685180.7,6950146.6,7215118.6,7480084.5,7745050.5,8010022.4,8292766.3,8575504.3,8858248.2,9765148.1,9423736.1,9718996.1,10014262,10309522,,205077367.8
PHL_TRA_TRUH_ELE,0,0,0,0,0,0,0,0,0,0,0,0,0,0,0,0,0,0,0,0,0,0,0,0,0,0,0,0,0,0,0,0,0,0,,0
PHL_TRA_TRUH_H2,0,0,0,0,0,0,0,0,0,0,0,0,0,0,0,0,0,0,0,0,0,0,0,0,0,0,0,0,0,0,0,0,0,0,,0
PHL_TRA_TRUH_LIQ,80.3978,86.825,93.3003,99.8151,106.3615,112.933,120.7256,128.5481,136.4046,144.2885,159.7881,168.7496,177.738,186.7605,195.8122,204.9014,215.8845,226.8812,237.9131,248.963,261.637,274.57,287.4935,300.4058,313.3057,326.1923,340.1616,354.1193,368.0785,382.012,399.1535,412.9757,426.8115,440.6474,,8020.5549
PHL_TRA_TRUH_NG,0,0,0,0,0,0,0,0,0,0,0,0,0,0,0,0,0,0,0,0,0,0,0,0,0,0,0,0,0,0,0,0,0,0,,0
PHL_TRA_TRUH_PHEV,0,0,0,0,0,0,0,0,0,0,0,0,0,0,0,0,0,0,0,0,0,0,0,0,0,0,0,0,0,0,0,0,0,0,,0
PHL_TRA_TRUL_ELE,0,0,0,0,0,0,0,0,0,0,0,0,0,0,0,0,0,0,0,0,0,0,0,0,0,0,0,0,0,0,0,0,0,0,,0
PHL_TRA_TRUL_H2,0,0,0,0,0,0,0,0,0,0,0,0,0,0,0,0,0,0,0,0,0,0,0,0,0,0,0,0,0,0,0,0,0,0,,0
PHL_TRA_TRUL_LIQ,210.6544,223.198,236.047,248.9148,261.8083,274.7248,290.5308,306.3647,322.233,338.1138,355.5867,374.5716,393.5869,412.6198,431.6671,450.7163,473.9148,497.1173,520.3405,543.5626,568.2525,595.2899,622.3124,649.3386,676.3581,703.3703,732.7411,762.1155,791.4833,820.8445,851.9296,881.4611,910.9827,940.5044,,17673.2572
PHL_TRA_TRUL_NG,0,0,0,0,0,0,0,0,0,0,0,0,0,0,0,0,0,0,0,0,0,0,0,0,0,0,0,0,0,0,0,0,0,0,,0
PHL_TRA_TRUL_PHEV,0,0,0,0,0,0,0,0,0,0,0,0,0,0,0,0,0,0,0,0,0,0,0,0,0,0,0,0,0,0,0,0,0,0,,0
PHL_TRA_VAN_ELE,0,0,0,0,0,0,0,0,0,0,0,0,0,0,0,0,0,0,0,0,0,0,0,0,0,0,0,0,0,0,0,0,0,0,,0
PHL_TRA_VAN_H2,0,0,0,0,0,0,0,0,0,0,0,0,0,0,0,0,0,0,0,0,0,0,0,0,0,0,0,0,0,0,0,0,0,0,,0
PHL_TRA_VAN_LIQ,28.9288,30.6897,32.4552,34.2245,35.9973,37.7733,39.9493,42.1251,44.3084,46.4907,48.8918,51.5049,54.1169,56.7352,59.3556,61.9735,65.1646,68.3536,71.5482,74.7399,78.1361,81.8524,85.568,89.2827,93.0006,96.7134,100.7519,104.7895,108.8303,112.8661,117.1403,121.2022,125.2601,129.318,,2430.0381
PHL_TRA_VAN_NG,0,0,0,0,0,0,0,0,0,0,0,0,0,0,0,0,0,0,0,0,0,0,0,0,0,0,0,0,0,0,0,0,0,0,,0
PHL_TRA_VAN_PHEV,0,0,0,0,0,0,0,0,0,0,0,0,0,0,0,0,0,0,0,0,0,0,0,0,0,0,0,0,0,0,0,0,0,0,,0
(blank),,,,,,,,,,,,,,,,,,,,,,,,,,,,,,,,,,,,
Grand Total,2366837.288,2550095.779,2733347.345,2916519.178,3099730.071,3282957.07,3493135.049,3703280.031,3913445.529,4123616.694,4333797.331,4559247.863,4784681.699,5010160.546,5235597.998,5461066.01,5707088.168,5953084.108,6199071.443,6691036.16,6691917.229,6956971.577,7222086.902,7487182.934,7752304.32,8017344.569,8300326.248,8583297.067,8866349.393,9773625.575,9434992.143,9730768.623,10026708.54,10322419.93,,205284090.4
